"日期","收盘","开盘","高","低","交易量","涨跌幅"
"2004-1-2","86.92","86.79","87.13","86.50","","0.00%"
"2004-1-5","86.07","86.43","86.69","85.98","","-0.98%"
"2004-1-6","85.63","86.05","86.11","85.37","","-0.51%"
"2004-1-7","86.20","85.86","86.27","85.73","","0.67%"
"2004-1-8","85.57","86.24","86.64","85.45","","-0.73%"
"2004-1-9","85.11","85.51","85.94","84.97","","-0.54%"
"2004-1-12","85.55","85.12","85.57","84.80","","0.52%"
"2004-1-13","85.51","85.61","85.72","85.27","","-0.05%"
"2004-1-14","86.03","85.33","86.16","85.32","","0.61%"
"2004-1-15","86.56","86.09","86.63","86.02","","0.62%"
"2004-1-16","87.73","86.46","87.87","86.40","","1.35%"
"2004-1-19","87.66","87.65","88.07","87.46","","-0.08%"
"2004-1-20","86.71","87.41","88.01","86.53","","-1.08%"
"2004-1-21","86.36","86.60","86.80","86.08","","-0.40%"
"2004-1-22","85.82","86.23","86.31","85.61","","-0.63%"
"2004-1-23","86.56","85.77","86.77","85.48","","0.86%"
"2004-1-26","87.25","86.73","87.29","86.39","","0.80%"
"2004-1-27","86.28","87.14","87.40","86.16","","-1.11%"
"2004-1-28","86.97","86.28","87.26","86.22","","0.80%"
"2004-1-29","87.58","87.39","87.82","86.90","","0.70%"
"2004-1-30","87.20","87.53","87.86","87.07","","-0.43%"
"2004-2-2","87.53","87.14","87.67","87.09","","0.38%"
"2004-2-3","86.79","87.40","87.50","86.48","","-0.85%"
"2004-2-4","86.84","86.79","87.10","86.70","","0.06%"
"2004-2-5","86.90","86.84","86.94","86.30","","0.07%"
"2004-2-6","86.02","86.75","87.09","85.84","","-1.01%"
"2004-2-9","86.00","86.26","86.37","85.62","","-0.02%"
"2004-2-10","85.84","85.98","86.01","85.42","","-0.19%"
"2004-2-11","85.20","85.97","86.13","85.09","","-0.75%"
"2004-2-12","85.29","85.09","85.34","85.01","","0.11%"
"2004-2-13","85.56","85.17","85.69","84.74","","0.32%"
"2004-2-16","85.47","85.53","85.63","85.39","","-0.11%"
"2004-2-17","85.02","85.11","85.48","84.80","","-0.53%"
"2004-2-18","85.88","84.91","86.01","84.56","","1.01%"
"2004-2-19","85.95","85.73","86.24","85.69","","0.08%"
"2004-2-20","87.24","85.64","87.41","85.59","","1.50%"
"2004-2-23","87.04","87.20","87.61","86.72","","-0.23%"
"2004-2-24","86.14","86.84","87.13","85.99","","-1.03%"
"2004-2-25","87.25","86.21","87.34","86.01","","1.29%"
"2004-2-26","87.68","87.23","87.99","87.11","","0.49%"
"2004-2-27","87.31","87.63","88.02","87.23","","-0.42%"
"2004-3-1","87.52","87.10","87.62","87.03","","0.24%"
"2004-3-2","88.83","87.50","89.06","87.43","","1.50%"
"2004-3-3","89.03","89.00","89.84","88.90","","0.23%"
"2004-3-4","89.14","89.08","89.44","88.78","","0.12%"
"2004-3-5","88.18","89.12","89.27","87.76","","-1.08%"
"2004-3-8","88.00","88.21","88.38","87.88","","-0.20%"
"2004-3-9","88.29","87.81","88.65","87.60","","0.33%"
"2004-3-10","88.95","88.52","89.23","88.31","","0.75%"
"2004-3-11","88.51","89.00","89.36","88.41","","-0.49%"
"2004-3-12","89.12","88.34","89.42","88.29","","0.69%"
"2004-3-15","88.81","89.17","89.29","88.53","","-0.35%"
"2004-3-16","88.59","88.78","88.92","88.10","","-0.25%"
"2004-3-17","88.65","88.62","89.03","88.43","","0.07%"
"2004-3-18","87.70","88.73","88.75","87.36","","-1.07%"
"2004-3-19","88.16","87.62","88.32","87.56","","0.52%"
"2004-3-22","87.81","88.20","88.55","87.45","","-0.40%"
"2004-3-23","87.85","87.76","88.18","87.60","","0.05%"
"2004-3-24","88.93","87.74","88.98","87.61","","1.23%"
"2004-3-25","88.90","88.88","89.22","88.53","","-0.03%"
"2004-3-26","88.89","88.92","89.17","88.36","","-0.01%"
"2004-3-29","88.63","88.85","89.20","88.48","","-0.29%"
"2004-3-30","88.43","88.55","88.58","88.18","","-0.23%"
"2004-3-31","87.61","88.43","88.47","87.49","","-0.93%"
"2004-4-1","87.21","87.57","87.85","87.02","","-0.46%"
"2004-4-2","88.51","87.20","88.68","87.16","","1.49%"
"2004-4-5","89.22","88.59","89.43","88.53","","0.80%"
"2004-4-6","88.75","89.20","89.58","88.61","","-0.53%"
"2004-4-7","88.27","88.56","89.01","88.15","","-0.54%"
"2004-4-8","89.02","88.33","89.11","88.08","","0.85%"
"2004-4-12","88.95","88.93","89.11","88.83","","-0.08%"
"2004-4-13","89.83","88.95","90.08","88.85","","0.99%"
"2004-4-14","90.24","89.89","90.66","89.82","","0.46%"
"2004-4-15","90.06","90.28","90.64","89.93","","-0.20%"
"2004-4-16","89.94","90.02","90.44","89.58","","-0.13%"
"2004-4-19","89.80","89.75","89.90","89.39","","-0.16%"
"2004-4-20","90.49","89.86","90.64","89.85","","0.77%"
"2004-4-21","91.12","90.92","91.24","90.53","","0.70%"
"2004-4-22","90.82","91.16","91.37","90.73","","-0.33%"
"2004-4-23","91.08","90.63","91.34","90.50","","0.29%"
"2004-4-26","90.62","91.26","91.50","90.61","","-0.51%"
"2004-4-27","90.41","90.73","90.91","90.34","","-0.23%"
"2004-4-28","91.17","90.45","91.29","90.23","","0.84%"
"2004-4-29","90.57","91.21","91.56","90.36","","-0.66%"
"2004-4-30","90.48","90.58","90.89","90.34","","-0.10%"
"2004-5-3","90.76","90.63","90.92","90.43","","0.31%"
"2004-5-4","89.81","90.78","90.81","89.63","","-1.05%"
"2004-5-5","89.31","89.72","89.74","89.22","","-0.56%"
"2004-5-6","89.88","89.39","89.95","89.28","","0.64%"
"2004-5-7","91.13","89.90","91.27","89.58","","1.39%"
"2004-5-10","91.56","91.16","91.87","91.15","","0.47%"
"2004-5-11","91.66","91.69","92.10","91.37","","0.11%"
"2004-5-12","91.29","91.51","91.69","91.05","","-0.40%"
"2004-5-13","91.96","91.31","92.25","91.20","","0.73%"
"2004-5-14","91.66","92.10","92.29","91.48","","-0.33%"
"2004-5-17","91.00","91.61","91.73","90.51","","-0.72%"
"2004-5-18","91.25","90.92","91.33","90.79","","0.27%"
"2004-5-19","90.53","91.25","91.28","90.36","","-0.79%"
"2004-5-20","91.03","90.63","91.30","90.54","","0.55%"
"2004-5-21","90.49","90.83","90.87","90.07","","-0.59%"
"2004-5-24","90.48","90.52","90.95","90.39","","-0.01%"
"2004-5-25","89.84","90.61","90.68","89.71","","-0.71%"
"2004-5-26","89.72","89.86","89.92","89.48","","-0.13%"
"2004-5-27","88.67","89.78","89.92","88.59","","-1.17%"
"2004-5-28","88.95","88.67","89.05","88.47","","0.32%"
"2004-6-1","88.88","88.64","89.06","88.52","","-0.08%"
"2004-6-2","88.84","88.78","88.98","88.38","","-0.05%"
"2004-6-3","88.95","88.86","89.23","88.78","","0.12%"
"2004-6-4","88.54","88.98","89.47","88.48","","-0.46%"
"2004-6-7","88.25","88.41","88.57","88.08","","-0.33%"
"2004-6-8","88.51","88.22","88.59","88.04","","0.29%"
"2004-6-9","89.73","88.50","89.79","88.38","","1.38%"
"2004-6-10","89.25","89.76","89.82","89.14","","-0.53%"
"2004-6-11","90.01","90.00","90.19","89.20","","0.85%"
"2004-6-14","89.94","90.21","90.42","89.73","","-0.08%"
"2004-6-15","89.09","89.95","90.13","89.08","","-0.95%"
"2004-6-16","90.04","89.11","90.19","89.07","","1.07%"
"2004-6-17","89.60","90.05","90.10","89.50","","-0.49%"
"2004-6-18","89.08","89.76","90.10","89.04","","-0.58%"
"2004-6-21","89.29","89.07","89.41","88.99","","0.24%"
"2004-6-22","89.43","89.19","89.55","89.12","","0.16%"
"2004-6-23","89.42","89.30","89.58","88.82","","-0.01%"
"2004-6-24","88.75","89.39","89.65","88.62","","-0.75%"
"2004-6-25","88.88","88.74","89.15","88.67","","0.15%"
"2004-6-28","88.72","88.99","89.13","88.48","","-0.18%"
"2004-6-29","89.41","88.75","89.48","88.69","","0.78%"
"2004-6-30","88.80","89.34","89.58","88.73","","-0.68%"
"2004-7-1","88.79","88.84","89.06","88.63","","-0.01%"
"2004-7-2","87.97","88.88","89.07","87.94","","-0.92%"
"2004-7-5","88.23","88.03","88.29","87.97","","0.30%"
"2004-7-6","88.12","88.19","88.36","87.95","","-0.12%"
"2004-7-7","87.65","88.27","88.29","87.50","","-0.53%"
"2004-7-8","87.54","87.65","87.92","87.44","","-0.13%"
"2004-7-9","87.42","87.56","87.64","87.28","","-0.14%"
"2004-7-12","87.39","87.27","87.48","87.15","","-0.03%"
"2004-7-13","87.82","87.41","88.10","87.37","","0.49%"
"2004-7-14","87.58","87.80","87.95","87.37","","-0.27%"
"2004-7-15","87.99","87.67","88.07","87.63","","0.47%"
"2004-7-16","87.14","87.90","88.07","87.09","","-0.97%"
"2004-7-19","87.18","87.10","87.36","87.00","","0.05%"
"2004-7-20","87.83","87.18","87.91","87.13","","0.75%"
"2004-7-21","88.56","87.82","88.77","87.74","","0.83%"
"2004-7-22","88.45","88.42","88.61","88.11","","-0.12%"
"2004-7-23","89.26","88.38","89.32","88.32","","0.92%"
"2004-7-26","89.03","89.22","89.31","88.79","","-0.26%"
"2004-7-27","89.79","89.06","89.85","88.76","","0.85%"
"2004-7-28","89.75","89.68","90.14","89.58","","-0.04%"
"2004-7-29","89.95","89.83","90.29","89.57","","0.22%"
"2004-7-30","89.96","89.93","90.05","89.34","","0.01%"
"2004-8-2","89.75","89.71","89.88","89.37","","-0.23%"
"2004-8-3","89.57","89.86","90.02","89.48","","-0.20%"
"2004-8-4","89.68","89.60","90.19","89.53","","0.12%"
"2004-8-5","89.64","89.59","89.87","89.45","","-0.04%"
"2004-8-6","88.36","89.71","89.78","88.26","","-1.43%"
"2004-8-9","88.39","88.36","88.59","88.24","","0.03%"
"2004-8-10","88.79","88.43","88.80","88.21","","0.45%"
"2004-8-11","88.85","88.79","88.99","88.68","","0.07%"
"2004-8-12","88.69","88.81","88.94","88.38","","-0.18%"
"2004-8-13","87.90","88.81","89.29","87.88","","-0.89%"
"2004-8-16","87.96","87.87","88.18","87.82","","0.07%"
"2004-8-17","88.06","87.94","88.22","87.74","","0.11%"
"2004-8-18","88.08","88.04","88.33","87.89","","0.02%"
"2004-8-19","87.79","88.02","88.06","87.69","","-0.33%"
"2004-8-20","88.12","87.76","88.29","87.66","","0.38%"
"2004-8-23","89.06","88.15","89.09","88.04","","1.07%"
"2004-8-24","89.46","89.05","89.54","88.93","","0.45%"
"2004-8-25","89.42","89.45","89.61","89.23","","-0.04%"
"2004-8-26","89.30","89.44","89.67","89.22","","-0.13%"
"2004-8-27","89.77","89.33","89.83","89.05","","0.53%"
"2004-8-30","89.69","89.80","90.07","89.55","","-0.09%"
"2004-8-31","88.94","89.68","89.73","88.74","","-0.84%"
"2004-9-1","88.87","88.91","89.15","88.70","","-0.08%"
"2004-9-2","88.98","88.87","89.09","88.79","","0.12%"
"2004-9-3","89.63","88.94","89.75","88.76","","0.73%"
"2004-9-6","89.53","89.60","89.70","89.51","","-0.11%"
"2004-9-7","89.23","89.41","89.62","89.20","","-0.34%"
"2004-9-8","88.77","89.29","89.73","88.75","","-0.52%"
"2004-9-9","88.83","88.79","89.02","88.70","","0.07%"
"2004-9-10","88.39","88.55","88.94","88.11","","-0.50%"
"2004-9-13","88.55","88.29","88.73","88.26","","0.18%"
"2004-9-14","88.46","88.54","88.69","88.23","","-0.10%"
"2004-9-15","89.15","88.46","89.31","88.45","","0.78%"
"2004-9-16","88.79","89.15","89.22","88.74","","-0.40%"
"2004-9-17","88.91","88.82","89.11","88.67","","0.14%"
"2004-9-20","88.99","88.97","89.28","88.90","","0.09%"
"2004-9-21","88.13","88.97","89.01","87.99","","-0.97%"
"2004-9-22","88.51","88.11","88.71","88.06","","0.43%"
"2004-9-23","88.44","88.48","88.56","88.06","","-0.08%"
"2004-9-24","88.40","88.43","88.55","87.86","","-0.05%"
"2004-9-27","88.29","88.28","88.53","88.17","","-0.12%"
"2004-9-28","88.11","88.19","88.36","87.98","","-0.20%"
"2004-9-29","88.10","88.14","88.34","87.97","","-0.01%"
"2004-9-30","87.36","88.10","88.20","87.35","","-0.84%"
"2004-10-1","87.63","87.41","87.78","87.35","","0.31%"
"2004-10-4","88.38","87.72","88.60","87.70","","0.86%"
"2004-10-5","88.17","88.40","88.50","88.15","","-0.24%"
"2004-10-6","88.48","88.24","88.64","88.18","","0.35%"
"2004-10-7","88.34","88.44","88.49","88.22","","-0.16%"
"2004-10-8","87.45","88.31","88.39","87.35","","-1.01%"
"2004-10-11","87.54","87.45","87.60","87.44","","0.10%"
"2004-10-12","88.02","87.60","88.20","87.54","","0.55%"
"2004-10-13","87.88","87.98","88.57","87.74","","-0.16%"
"2004-10-14","87.55","87.85","87.98","87.36","","-0.38%"
"2004-10-15","87.09","87.61","87.85","86.91","","-0.53%"
"2004-10-18","87.02","87.09","87.24","86.82","","-0.08%"
"2004-10-19","86.84","87.13","87.34","86.77","","-0.21%"
"2004-10-20","86.35","86.84","86.98","86.13","","-0.56%"
"2004-10-21","86.02","86.41","86.44","85.90","","-0.38%"
"2004-10-22","85.87","86.06","86.20","85.82","","-0.17%"
"2004-10-25","84.97","85.47","85.65","84.75","","-1.05%"
"2004-10-26","85.21","84.91","85.34","84.73","","0.28%"
"2004-10-27","85.44","85.15","85.50","84.79","","0.27%"
"2004-10-28","85.28","85.46","85.89","85.04","","-0.19%"
"2004-10-29","84.91","85.20","85.37","84.87","","-0.43%"
"2004-11-1","85.20","84.70","85.37","84.68","","0.34%"
"2004-11-2","85.47","85.22","85.59","85.17","","0.32%"
"2004-11-3","84.70","85.33","85.66","84.62","","-0.90%"
"2004-11-4","84.54","84.66","84.88","84.31","","-0.19%"
"2004-11-5","84.01","84.48","85.07","83.97","","-0.63%"
"2004-11-8","84.09","83.88","84.17","83.76","","0.10%"
"2004-11-9","84.29","84.14","84.29","83.98","","0.24%"
"2004-11-10","84.43","84.22","84.67","83.70","","0.17%"
"2004-11-11","84.37","84.41","84.56","84.25","","-0.07%"
"2004-11-12","83.69","84.26","84.36","83.65","","-0.81%"
"2004-11-15","84.00","83.69","84.10","83.60","","0.37%"
"2004-11-16","83.80","84.03","84.10","83.62","","-0.24%"
"2004-11-17","83.29","83.83","83.88","83.26","","-0.61%"
"2004-11-18","83.69","83.32","83.90","83.10","","0.48%"
"2004-11-19","83.31","83.87","83.91","83.01","","-0.45%"
"2004-11-22","83.19","83.27","83.39","83.08","","-0.14%"
"2004-11-23","82.97","83.17","83.54","82.81","","-0.26%"
"2004-11-24","82.41","82.90","82.96","82.36","","-0.67%"
"2004-11-25","82.18","82.28","82.46","82.01","","-0.28%"
"2004-11-26","81.78","81.78","82.42","81.53","","-0.49%"
"2004-11-29","81.93","81.93","82.16","81.78","","0.18%"
"2004-11-30","81.82","82.03","82.22","81.57","","-0.13%"
"2004-12-1","81.56","81.81","81.88","81.55","","-0.32%"
"2004-12-2","81.95","81.45","82.13","81.18","","0.48%"
"2004-12-3","80.98","81.99","82.08","80.94","","-1.18%"
"2004-12-6","81.28","80.96","81.30","80.91","","0.37%"
"2004-12-7","81.24","81.40","81.43","80.92","","-0.05%"
"2004-12-8","81.90","81.25","82.73","81.21","","0.81%"
"2004-12-9","82.03","81.82","82.48","81.74","","0.16%"
"2004-12-10","82.55","82.17","83.18","82.08","","0.63%"
"2004-12-13","82.10","82.67","82.74","82.06","","-0.55%"
"2004-12-14","82.32","82.15","82.57","82.05","","0.27%"
"2004-12-15","81.63","82.30","82.56","81.42","","-0.84%"
"2004-12-16","82.50","81.65","82.67","81.38","","1.07%"
"2004-12-17","82.16","82.42","82.54","82.01","","-0.41%"
"2004-12-20","81.67","82.04","82.13","81.54","","-0.60%"
"2004-12-21","81.94","81.69","81.99","81.58","","0.33%"
"2004-12-22","81.93","81.91","82.12","81.73","","-0.01%"
"2004-12-23","81.34","81.95","81.96","81.30","","-0.72%"
"2004-12-24","81.22","81.36","81.45","81.14","","-0.15%"
"2004-12-27","80.72","81.28","81.37","80.54","","-0.62%"
"2004-12-28","80.72","80.67","80.89","80.54","","0.00%"
"2004-12-29","80.97","80.83","81.18","80.58","","0.31%"
"2004-12-30","80.53","80.87","81.00","80.42","","-0.54%"
"2004-12-31","80.85","80.64","81.11","80.39","","0.40%"
"2005-1-3","81.30","81.05","81.76","80.77","","0.56%"
"2005-1-4","82.57","81.36","82.71","81.18","","1.56%"
"2005-1-5","82.54","82.49","82.92","82.30","","-0.04%"
"2005-1-6","83.15","82.45","83.23","82.43","","0.74%"
"2005-1-7","83.61","83.07","83.79","82.61","","0.55%"
"2005-1-10","83.29","83.49","83.61","83.13","","-0.38%"
"2005-1-11","83.02","83.20","83.25","82.78","","-0.32%"
"2005-1-12","82.14","83.07","83.26","82.00","","-1.06%"
"2005-1-13","82.51","82.21","82.52","82.14","","0.45%"
"2005-1-14","83.06","82.47","83.31","82.43","","0.67%"
"2005-1-17","83.06","82.93","83.14","82.83","","0.00%"
"2005-1-18","83.36","83.55","83.66","83.14","","0.36%"
"2005-1-19","83.60","83.47","83.77","82.88","","0.29%"
"2005-1-20","83.84","83.58","83.99","83.40","","0.29%"
"2005-1-21","83.26","83.83","84.00","83.18","","-0.69%"
"2005-1-24","83.24","83.15","83.49","83.01","","-0.02%"
"2005-1-25","83.99","83.33","84.08","83.21","","0.90%"
"2005-1-26","83.30","83.95","83.95","83.08","","-0.82%"
"2005-1-27","83.43","83.27","83.61","83.04","","0.16%"
"2005-1-28","83.48","83.38","83.83","83.25","","0.06%"
"2005-1-31","83.60","83.60","83.84","83.39","","0.14%"
"2005-2-1","83.45","83.49","83.79","83.42","","-0.18%"
"2005-2-2","83.52","83.48","83.72","83.24","","0.08%"
"2005-2-3","83.97","83.55","84.11","83.52","","0.54%"
"2005-2-4","84.39","83.95","84.43","83.47","","0.50%"
"2005-2-7","85.04","84.53","85.29","84.47","","0.77%"
"2005-2-8","85.10","85.11","85.39","84.96","","0.07%"
"2005-2-9","85.02","85.15","85.30","84.87","","-0.09%"
"2005-2-10","84.54","84.91","85.44","84.36","","-0.56%"
"2005-2-11","84.57","84.58","84.75","84.42","","0.04%"
"2005-2-14","83.96","84.46","84.53","83.78","","-0.72%"
"2005-2-15","83.59","83.93","84.04","83.46","","-0.44%"
"2005-2-16","83.67","83.61","84.14","83.47","","0.10%"
"2005-2-17","83.47","83.78","83.84","83.36","","-0.24%"
"2005-2-18","83.49","83.45","83.78","83.41","","0.02%"
"2005-2-21","83.55","83.54","83.70","83.43","","0.07%"
"2005-2-22","82.41","82.78","83.57","82.40","","-1.36%"
"2005-2-23","82.68","82.44","82.97","82.40","","0.33%"
"2005-2-24","82.88","82.92","83.08","82.55","","0.24%"
"2005-2-25","82.66","83.00","83.17","82.63","","-0.27%"
"2005-2-28","82.51","82.57","82.70","82.30","","-0.18%"
"2005-3-1","82.77","82.65","82.88","82.55","","0.32%"
"2005-3-2","83.08","82.86","83.33","82.76","","0.37%"
"2005-3-3","83.28","83.07","83.37","82.98","","0.24%"
"2005-3-4","82.54","83.33","83.41","82.41","","-0.89%"
"2005-3-7","82.79","82.54","82.94","82.49","","0.30%"
"2005-3-8","81.98","82.70","82.75","81.85","","-0.98%"
"2005-3-9","81.63","81.95","82.02","81.50","","-0.43%"
"2005-3-10","81.57","81.78","81.81","81.36","","-0.07%"
"2005-3-11","81.42","81.49","81.75","81.28","","-0.18%"
"2005-3-14","81.97","81.32","82.16","81.31","","0.68%"
"2005-3-15","82.12","82.00","82.23","81.61","","0.18%"
"2005-3-16","81.62","82.17","82.24","81.47","","-0.61%"
"2005-3-17","81.84","81.63","82.04","81.59","","0.27%"
"2005-3-18","82.13","81.79","82.40","81.77","","0.35%"
"2005-3-21","82.88","82.11","83.08","82.06","","0.91%"
"2005-3-22","83.36","82.98","83.55","82.60","","0.58%"
"2005-3-23","84.00","83.42","84.10","83.32","","0.77%"
"2005-3-24","84.13","83.93","84.16","83.74","","0.15%"
"2005-3-28","84.62","84.30","84.74","84.09","","0.58%"
"2005-3-29","84.32","84.55","84.58","84.15","","-0.35%"
"2005-3-30","84.29","84.27","84.36","83.99","","-0.04%"
"2005-3-31","84.06","84.33","84.40","83.74","","-0.27%"
"2005-4-1","84.43","84.07","84.63","83.56","","0.44%"
"2005-4-4","84.78","84.50","84.98","84.44","","0.41%"
"2005-4-5","84.66","84.82","85.12","84.63","","-0.14%"
"2005-4-6","84.68","84.74","84.89","84.44","","0.02%"
"2005-4-7","84.87","84.76","84.91","84.32","","0.22%"
"2005-4-8","84.47","84.88","85.11","84.40","","-0.47%"
"2005-4-11","84.16","84.49","84.58","84.05","","-0.37%"
"2005-4-12","84.42","84.23","84.81","83.95","","0.31%"
"2005-4-13","84.42","84.49","84.76","84.19","","0.00%"
"2005-4-14","85.00","84.42","85.32","84.39","","0.69%"
"2005-4-15","84.56","85.17","85.27","84.35","","-0.52%"
"2005-4-18","84.00","84.50","84.73","83.88","","-0.66%"
"2005-4-19","83.76","84.01","84.16","83.70","","-0.29%"
"2005-4-20","83.52","83.61","84.06","83.40","","-0.29%"
"2005-4-21","83.70","83.53","83.87","83.38","","0.22%"
"2005-4-22","83.50","83.73","83.87","83.36","","-0.24%"
"2005-4-25","83.82","83.51","84.00","83.37","","0.38%"
"2005-4-26","83.96","83.81","84.15","83.70","","0.17%"
"2005-4-27","84.12","83.96","84.37","83.87","","0.19%"
"2005-4-28","84.35","84.26","84.42","84.09","","0.27%"
"2005-4-29","84.43","84.33","84.48","83.84","","0.09%"
"2005-5-2","84.49","84.46","84.65","84.42","","0.07%"
"2005-5-3","84.51","84.58","84.69","84.28","","0.02%"
"2005-5-4","84.00","84.38","84.46","83.89","","-0.60%"
"2005-5-5","83.94","83.97","84.08","83.75","","-0.07%"
"2005-5-6","84.61","83.94","84.69","83.90","","0.80%"
"2005-5-9","84.64","84.66","84.81","84.54","","0.04%"
"2005-5-10","84.45","84.56","84.78","84.39","","-0.22%"
"2005-5-11","84.94","84.41","85.06","84.22","","0.58%"
"2005-5-12","85.49","84.87","85.60","84.85","","0.65%"
"2005-5-13","86.10","85.66","86.13","85.58","","0.71%"
"2005-5-16","86.12","86.22","86.39","86.07","","0.02%"
"2005-5-17","86.21","86.08","86.29","85.96","","0.10%"
"2005-5-18","85.82","86.30","86.41","85.77","","-0.45%"
"2005-5-19","86.09","85.84","86.29","85.78","","0.31%"
"2005-5-20","86.63","86.12","86.74","85.99","","0.63%"
"2005-5-23","86.40","86.65","86.71","86.28","","-0.27%"
"2005-5-24","86.37","86.47","86.53","86.10","","-0.03%"
"2005-5-25","86.35","86.50","86.58","86.17","","-0.02%"
"2005-5-26","86.85","86.35","86.93","86.27","","0.58%"
"2005-5-27","86.42","86.86","86.88","86.38","","-0.50%"
"2005-5-31","87.76","86.90","87.80","86.86","","1.55%"
"2005-6-1","88.11","87.74","88.18","87.54","","0.40%"
"2005-6-2","87.75","88.30","88.35","87.70","","-0.41%"
"2005-6-3","88.04","87.86","88.17","87.37","","0.33%"
"2005-6-6","87.60","88.00","88.05","87.51","","-0.50%"
"2005-6-7","87.49","87.69","87.81","87.33","","-0.13%"
"2005-6-8","87.88","87.52","88.06","87.15","","0.45%"
"2005-6-9","88.07","87.89","88.31","87.80","","0.22%"
"2005-6-10","88.69","88.03","88.75","87.90","","0.70%"
"2005-6-13","88.95","88.72","89.35","88.67","","0.29%"
"2005-6-14","89.26","88.89","89.35","88.60","","0.35%"
"2005-6-15","88.65","89.30","89.36","88.55","","-0.68%"
"2005-6-16","88.72","88.62","88.99","88.29","","0.08%"
"2005-6-17","87.73","88.71","88.76","87.68","","-1.12%"
"2005-6-20","88.49","88.17","88.60","87.92","","0.87%"
"2005-6-21","88.18","88.49","88.95","88.15","","-0.35%"
"2005-6-22","88.56","88.22","88.76","88.05","","0.43%"
"2005-6-23","89.12","88.61","89.15","88.46","","0.63%"
"2005-6-24","88.78","89.11","89.35","88.69","","-0.38%"
"2005-6-27","88.45","88.72","88.83","88.32","","-0.37%"
"2005-6-28","88.99","88.41","89.05","88.36","","0.61%"
"2005-6-29","89.11","88.99","89.48","88.87","","0.13%"
"2005-6-30","89.11","89.10","89.39","88.86","","0.00%"
"2005-7-1","90.13","89.17","90.23","89.09","","1.14%"
"2005-7-4","90.43","90.28","90.53","90.18","","0.33%"
"2005-7-5","90.44","90.67","90.73","90.25","","0.01%"
"2005-7-6","90.38","90.33","90.58","90.20","","-0.07%"
"2005-7-7","90.28","90.38","90.51","89.76","","-0.11%"
"2005-7-8","90.25","90.29","90.77","90.00","","-0.03%"
"2005-7-11","89.46","90.18","90.24","89.40","","-0.88%"
"2005-7-12","88.41","89.52","89.59","88.28","","-1.17%"
"2005-7-13","89.31","88.45","89.47","88.41","","1.02%"
"2005-7-14","89.40","89.38","89.48","89.13","","0.10%"
"2005-7-15","89.72","89.41","89.82","89.10","","0.36%"
"2005-7-18","89.64","89.78","89.84","89.37","","-0.09%"
"2005-7-19","89.85","89.68","90.36","89.59","","0.23%"
"2005-7-20","89.34","89.98","90.31","89.13","","-0.57%"
"2005-7-21","88.93","89.35","89.45","88.44","","-0.46%"
"2005-7-22","89.64","88.97","89.68","88.86","","0.80%"
"2005-7-25","89.60","89.75","89.90","89.50","","-0.04%"
"2005-7-26","90.00","89.61","90.26","89.55","","0.45%"
"2005-7-27","89.73","90.10","90.45","89.67","","-0.30%"
"2005-7-28","89.34","89.85","90.01","89.22","","-0.43%"
"2005-7-29","89.35","89.37","89.66","89.15","","0.01%"
"2005-8-1","88.80","89.41","89.44","88.53","","-0.62%"
"2005-8-2","88.76","88.90","88.97","88.36","","-0.05%"
"2005-8-3","87.99","88.76","89.05","87.93","","-0.87%"
"2005-8-4","87.80","88.02","88.23","87.61","","-0.22%"
"2005-8-5","88.06","87.76","88.30","87.70","","0.30%"
"2005-8-8","87.92","88.18","88.29","87.73","","-0.16%"
"2005-8-9","87.89","87.99","88.11","87.60","","-0.03%"
"2005-8-10","87.61","87.82","87.97","87.45","","-0.32%"
"2005-8-11","87.10","87.60","87.61","87.04","","-0.58%"
"2005-8-12","86.98","86.92","87.33","86.76","","-0.14%"
"2005-8-15","87.32","86.89","87.49","86.83","","0.39%"
"2005-8-16","87.43","87.34","87.72","87.27","","0.13%"
"2005-8-17","88.00","87.47","88.02","87.35","","0.65%"
"2005-8-18","88.59","87.94","88.70","87.86","","0.67%"
"2005-8-19","88.58","88.55","88.90","88.46","","-0.01%"
"2005-8-22","88.14","88.59","88.66","88.05","","-0.50%"
"2005-8-23","88.08","88.10","88.38","88.03","","-0.07%"
"2005-8-24","87.91","88.10","88.58","87.82","","-0.19%"
"2005-8-25","87.64","87.89","87.99","87.53","","-0.31%"
"2005-8-26","87.86","87.73","87.90","87.43","","0.25%"
"2005-8-29","88.25","87.74","88.29","87.45","","0.44%"
"2005-8-30","88.35","88.19","88.68","88.15","","0.11%"
"2005-8-31","87.58","88.37","88.56","87.43","","-0.87%"
"2005-9-1","86.55","87.59","87.68","86.37","","-1.18%"
"2005-9-2","86.30","86.61","86.72","86.02","","-0.29%"
"2005-9-6","86.57","86.64","86.82","86.24","","0.31%"
"2005-9-7","86.97","86.72","87.02","86.29","","0.46%"
"2005-9-8","87.04","86.97","87.14","86.73","","0.08%"
"2005-9-9","86.89","87.08","87.20","86.58","","-0.17%"
"2005-9-12","87.71","86.84","87.72","86.75","","0.94%"
"2005-9-13","87.75","87.65","87.92","87.49","","0.05%"
"2005-9-14","87.67","87.72","87.83","87.35","","-0.09%"
"2005-9-15","88.13","87.69","88.21","87.62","","0.52%"
"2005-9-16","88.05","88.03","88.30","87.61","","-0.09%"
"2005-9-19","88.44","88.52","88.81","88.33","","0.44%"
"2005-9-20","88.60","88.50","88.64","88.22","","0.18%"
"2005-9-21","88.14","88.69","88.72","87.89","","-0.52%"
"2005-9-22","88.56","87.96","88.63","87.75","","0.48%"
"2005-9-23","89.21","88.55","89.21","88.40","","0.73%"
"2005-9-26","89.11","89.38","89.46","89.08","","-0.11%"
"2005-9-27","89.60","89.11","89.82","89.06","","0.55%"
"2005-9-28","89.47","89.59","89.78","89.34","","-0.15%"
"2005-9-29","89.40","89.28","89.62","89.19","","-0.08%"
"2005-9-30","89.52","89.54","89.69","89.03","","0.13%"
"2005-10-3","90.13","89.51","90.23","89.40","","0.68%"
"2005-10-4","90.10","90.20","90.24","89.94","","-0.03%"
"2005-10-5","89.98","90.16","90.17","89.74","","-0.13%"
"2005-10-6","88.66","89.67","89.76","88.53","","-1.47%"
"2005-10-7","89.17","88.77","89.31","88.72","","0.58%"
"2005-10-10","89.46","89.05","89.47","88.93","","0.33%"
"2005-10-11","89.97","89.55","90.02","89.45","","0.57%"
"2005-10-12","89.63","89.96","90.17","89.50","","-0.38%"
"2005-10-13","89.81","89.67","90.43","89.61","","0.20%"
"2005-10-14","89.35","89.83","90.09","89.25","","-0.51%"
"2005-10-17","89.80","89.52","89.92","89.16","","0.50%"
"2005-10-18","90.29","89.94","90.57","89.25","","0.55%"
"2005-10-19","89.99","90.28","90.74","89.25","","-0.33%"
"2005-10-20","89.91","90.06","90.19","89.89","","-0.09%"
"2005-10-21","90.31","89.77","90.41","89.40","","0.44%"
"2005-10-24","90.11","90.32","90.43","89.81","","-0.22%"
"2005-10-25","89.24","90.11","90.35","89.14","","-0.97%"
"2005-10-26","89.49","89.23","89.67","89.08","","0.28%"
"2005-10-27","89.10","89.59","89.70","88.82","","-0.44%"
"2005-10-28","89.59","89.08","89.67","88.90","","0.55%"
"2005-10-31","90.07","89.61","90.19","89.40","","0.54%"
"2005-11-1","90.08","90.12","90.31","89.93","","0.01%"
"2005-11-2","89.72","90.00","90.20","89.62","","-0.40%"
"2005-11-3","90.44","89.74","90.48","89.65","","0.80%"
"2005-11-4","91.26","90.39","91.37","90.14","","0.91%"
"2005-11-7","91.29","91.39","91.59","91.17","","0.03%"
"2005-11-8","91.37","91.45","91.96","91.33","","0.09%"
"2005-11-9","91.50","91.50","91.84","91.33","","0.14%"
"2005-11-10","92.08","91.52","92.10","91.30","","0.63%"
"2005-11-11","91.98","92.12","92.13","91.86","","-0.11%"
"2005-11-14","92.13","91.76","92.34","91.50","","0.16%"
"2005-11-15","92.09","92.15","92.54","91.99","","-0.04%"
"2005-11-16","92.33","91.96","92.63","91.91","","0.26%"
"2005-11-17","91.88","92.40","92.60","91.81","","-0.49%"
"2005-11-18","91.93","91.96","92.49","91.70","","0.05%"
"2005-11-21","92.03","91.87","92.09","91.39","","0.11%"
"2005-11-22","91.50","92.03","92.33","91.40","","-0.58%"
"2005-11-23","91.51","91.49","91.72","91.15","","0.01%"
"2005-11-25","92.04","91.82","92.07","91.61","","0.58%"
"2005-11-28","90.98","92.05","92.31","90.80","","-1.15%"
"2005-11-29","91.62","91.21","91.94","91.11","","0.70%"
"2005-11-30","91.57","91.81","91.83","91.45","","-0.05%"
"2005-12-1","91.82","91.54","92.21","91.50","","0.27%"
"2005-12-2","91.95","91.87","92.32","91.76","","0.14%"
"2005-12-5","91.48","92.00","92.19","91.32","","-0.51%"
"2005-12-6","91.44","91.53","91.74","91.39","","-0.04%"
"2005-12-7","91.89","91.42","92.05","91.39","","0.49%"
"2005-12-8","91.26","91.95","91.98","91.03","","-0.69%"
"2005-12-9","91.25","91.29","91.57","91.14","","-0.01%"
"2005-12-12","90.35","91.43","91.51","90.15","","-0.99%"
"2005-12-13","90.38","90.33","90.68","90.17","","0.03%"
"2005-12-14","89.83","90.42","90.62","89.52","","-0.61%"
"2005-12-15","90.02","90.02","90.62","89.54","","0.21%"
"2005-12-16","89.70","90.03","90.16","89.67","","-0.36%"
"2005-12-19","89.87","89.60","90.03","89.58","","0.19%"
"2005-12-20","90.78","89.90","90.96","89.84","","1.01%"
"2005-12-21","90.94","90.76","91.23","90.51","","0.18%"
"2005-12-22","90.72","91.02","91.20","90.60","","-0.24%"
"2005-12-23","90.84","90.80","91.09","90.68","","0.13%"
"2005-12-27","91.19","90.90","91.20","90.80","","0.39%"
"2005-12-28","91.26","91.07","91.33","90.52","","0.08%"
"2005-12-29","91.10","91.13","91.30","90.92","","-0.18%"
"2005-12-30","91.17","91.08","91.47","90.78","","0.08%"
"2006-1-3","89.84","90.75","90.94","89.78","","-1.46%"
"2006-1-4","89.14","89.73","89.86","89.01","","-0.78%"
"2006-1-5","89.33","89.27","89.63","89.18","","0.21%"
"2006-1-6","88.85","89.35","89.63","88.80","","-0.54%"
"2006-1-9","89.25","88.96","89.45","88.81","","0.45%"
"2006-1-10","89.33","89.34","89.54","89.11","","0.09%"
"2006-1-11","88.99","89.37","89.57","88.86","","-0.38%"
"2006-1-12","89.44","88.94","89.67","88.73","","0.51%"
"2006-1-13","88.89","89.47","89.55","88.85","","-0.61%"
"2006-1-17","89.30","89.11","89.60","88.93","","0.46%"
"2006-1-18","89.26","89.23","89.51","88.94","","-0.04%"
"2006-1-19","89.39","89.31","89.64","89.18","","0.15%"
"2006-1-20","88.95","89.39","89.65","88.95","","-0.49%"
"2006-1-23","87.95","88.79","88.96","87.93","","-1.12%"
"2006-1-24","88.06","87.94","88.24","87.83","","0.13%"
"2006-1-25","88.33","88.24","88.42","87.86","","0.31%"
"2006-1-26","88.62","88.42","88.71","88.23","","0.33%"
"2006-1-27","89.32","88.60","89.40","88.46","","0.79%"
"2006-1-30","89.42","89.27","89.53","89.23","","0.11%"
"2006-1-31","88.96","89.43","89.47","88.69","","-0.51%"
"2006-2-1","89.51","88.96","89.57","88.84","","0.62%"
"2006-2-2","89.37","89.49","89.74","89.29","","-0.16%"
"2006-2-3","89.89","89.47","90.23","89.30","","0.58%"
"2006-2-6","90.29","89.86","90.42","89.73","","0.44%"
"2006-2-7","90.24","90.34","90.40","89.90","","-0.06%"
"2006-2-8","90.43","90.09","90.55","90.06","","0.21%"
"2006-2-9","90.29","90.30","90.39","90.08","","-0.15%"
"2006-2-10","90.55","90.15","90.57","89.70","","0.29%"
"2006-2-13","90.54","90.55","90.78","90.48","","-0.01%"
"2006-2-14","90.54","90.52","90.93","90.41","","0.00%"
"2006-2-15","90.72","90.56","90.81","90.17","","0.20%"
"2006-2-16","90.73","90.74","91.02","90.58","","0.01%"
"2006-2-17","90.64","90.61","91.01","90.43","","-0.10%"
"2006-2-21","90.55","90.45","90.74","90.41","","-0.10%"
"2006-2-22","90.67","90.57","90.89","90.47","","0.13%"
"2006-2-23","90.39","90.56","90.67","90.09","","-0.31%"
"2006-2-24","90.61","90.38","90.71","90.24","","0.24%"
"2006-2-27","90.63","90.86","90.89","90.51","","0.02%"
"2006-2-28","90.11","90.67","90.76","90.02","","-0.57%"
"2006-3-1","90.22","90.08","90.40","89.85","","0.12%"
"2006-3-2","89.56","90.22","90.27","89.53","","-0.73%"
"2006-3-3","89.66","89.55","89.90","89.50","","0.11%"
"2006-3-6","89.89","89.36","90.07","89.28","","0.26%"
"2006-3-7","90.77","89.91","90.86","89.86","","0.98%"
"2006-3-8","90.62","90.71","90.80","90.43","","-0.17%"
"2006-3-9","90.75","90.60","90.79","90.38","","0.14%"
"2006-3-10","90.85","90.78","91.16","90.59","","0.11%"
"2006-3-13","90.54","90.83","90.87","90.52","","-0.34%"
"2006-3-14","90.00","90.48","90.61","89.89","","-0.60%"
"2006-3-15","89.70","90.04","90.08","89.69","","-0.33%"
"2006-3-16","89.07","89.74","89.97","89.00","","-0.70%"
"2006-3-17","88.92","89.11","89.29","88.85","","-0.17%"
"2006-3-20","89.13","89.07","89.27","88.95","","0.24%"
"2006-3-21","89.62","89.17","89.79","89.15","","0.55%"
"2006-3-22","89.72","89.60","89.87","89.54","","0.11%"
"2006-3-23","90.46","89.77","90.52","89.75","","0.82%"
"2006-3-24","90.07","90.43","90.62","89.96","","-0.43%"
"2006-3-27","90.07","90.05","90.09","89.76","","0.00%"
"2006-3-28","90.25","90.03","90.31","89.51","","0.20%"
"2006-3-29","90.25","90.23","90.45","90.06","","0.00%"
"2006-3-30","89.39","90.21","90.25","89.32","","-0.95%"
"2006-3-31","89.73","89.30","89.94","89.28","","0.38%"
"2006-4-3","89.63","89.74","90.40","89.59","","-0.11%"
"2006-4-4","88.83","89.66","89.76","88.79","","-0.89%"
"2006-4-5","88.63","88.88","88.96","88.60","","-0.23%"
"2006-4-6","88.96","88.74","89.16","88.44","","0.37%"
"2006-4-7","89.63","89.05","89.71","88.91","","0.75%"
"2006-4-10","89.72","89.60","89.84","89.48","","0.10%"
"2006-4-11","89.44","89.64","89.75","89.39","","-0.31%"
"2006-4-12","89.62","89.36","89.82","89.21","","0.20%"
"2006-4-13","89.62","89.57","89.86","89.41","","0.00%"
"2006-4-17","88.64","88.76","89.16","88.43","","-1.09%"
"2006-4-18","88.24","88.68","88.85","88.18","","-0.45%"
"2006-4-19","87.79","87.94","88.42","87.73","","-0.51%"
"2006-4-20","88.25","87.84","88.44","87.82","","0.52%"
"2006-4-21","88.05","88.29","88.53","87.93","","-0.23%"
"2006-4-24","87.45","87.73","87.92","87.41","","-0.68%"
"2006-4-25","87.32","87.56","87.69","87.24","","-0.15%"
"2006-4-26","87.22","87.37","87.66","87.11","","-0.11%"
"2006-4-27","86.63","87.27","87.52","86.56","","-0.68%"
"2006-4-28","86.11","86.69","86.76","86.00","","-0.60%"
"2006-5-1","85.97","85.93","86.02","85.48","","-0.16%"
"2006-5-2","85.79","86.18","86.36","85.64","","-0.21%"
"2006-5-3","85.84","85.88","86.03","85.50","","0.06%"
"2006-5-4","85.84","85.91","86.22","85.31","","0.00%"
"2006-5-5","85.12","85.46","85.63","85.00","","-0.84%"
"2006-5-8","85.23","85.09","85.31","84.68","","0.13%"
"2006-5-9","84.83","85.25","85.49","84.66","","-0.47%"
"2006-5-10","84.50","84.74","84.84","84.37","","-0.39%"
"2006-5-11","84.27","84.75","85.28","84.14","","-0.27%"
"2006-5-12","83.96","84.25","84.37","83.61","","-0.37%"
"2006-5-15","84.54","83.61","84.68","83.60","","0.69%"
"2006-5-16","84.17","84.71","84.78","84.12","","-0.44%"
"2006-5-17","84.85","84.25","85.10","83.73","","0.81%"
"2006-5-18","84.51","84.90","84.98","84.36","","-0.40%"
"2006-5-19","84.88","84.38","85.35","84.24","","0.44%"
"2006-5-22","84.35","84.91","85.47","84.27","","-0.62%"
"2006-5-23","84.35","84.44","84.72","84.27","","0.00%"
"2006-5-24","84.95","84.93","85.27","84.31","","0.71%"
"2006-5-25","84.65","85.03","85.16","84.60","","-0.35%"
"2006-5-26","85.26","84.67","85.36","84.56","","0.72%"
"2006-5-30","84.28","85.07","85.11","84.08","","-1.15%"
"2006-5-31","84.72","84.35","84.74","84.08","","0.52%"
"2006-6-1","84.79","84.68","85.27","84.63","","0.08%"
"2006-6-2","84.05","84.72","84.87","83.91","","-0.87%"
"2006-6-5","84.14","84.06","84.17","83.72","","0.11%"
"2006-6-6","84.73","84.29","84.95","84.08","","0.70%"
"2006-6-7","84.99","84.84","85.21","84.72","","0.31%"
"2006-6-8","85.91","84.97","86.00","84.92","","1.08%"
"2006-6-9","85.72","85.82","86.06","85.49","","-0.22%"
"2006-6-12","85.85","85.89","86.12","85.67","","0.15%"
"2006-6-13","86.43","86.00","86.50","85.90","","0.68%"
"2006-6-14","86.14","86.42","86.48","85.76","","-0.34%"
"2006-6-15","86.02","86.05","86.21","85.73","","-0.14%"
"2006-6-16","85.92","85.86","86.09","85.66","","-0.12%"
"2006-6-19","86.31","86.01","86.47","85.92","","0.45%"
"2006-6-20","86.18","86.32","86.46","85.99","","-0.15%"
"2006-6-21","85.78","86.17","86.18","85.63","","-0.46%"
"2006-6-22","86.39","85.75","86.55","85.66","","0.71%"
"2006-6-23","86.82","86.41","87.05","86.31","","0.50%"
"2006-6-26","86.49","86.86","86.89","86.36","","-0.38%"
"2006-6-27","86.47","86.45","86.66","86.25","","-0.02%"
"2006-6-28","86.63","86.59","86.87","86.46","","0.19%"
"2006-6-29","85.87","86.70","86.85","85.86","","-0.88%"
"2006-6-30","85.22","85.91","85.93","85.14","","-0.76%"
"2006-7-3","85.18","85.20","85.36","85.06","","-0.05%"
"2006-7-5","85.60","84.98","85.76","84.89","","0.49%"
"2006-7-6","85.35","85.61","85.67","85.31","","-0.29%"
"2006-7-7","84.98","85.37","85.41","84.77","","-0.43%"
"2006-7-10","85.50","85.03","85.60","84.97","","0.61%"
"2006-7-11","85.36","85.45","85.73","85.34","","-0.16%"
"2006-7-12","85.91","85.40","86.04","85.32","","0.64%"
"2006-7-13","85.79","85.82","86.00","85.64","","-0.14%"
"2006-7-14","86.09","85.82","86.28","85.81","","0.35%"
"2006-7-17","86.96","86.17","87.01","86.06","","1.01%"
"2006-7-18","87.01","86.98","87.18","86.55","","0.06%"
"2006-7-19","86.46","87.06","87.33","86.37","","-0.63%"
"2006-7-20","86.22","86.47","86.50","86.12","","-0.28%"
"2006-7-21","85.93","86.27","86.30","85.85","","-0.34%"
"2006-7-24","86.34","85.86","86.43","85.81","","0.48%"
"2006-7-25","86.64","86.38","86.77","86.08","","0.35%"
"2006-7-26","85.93","86.64","86.73","85.89","","-0.82%"
"2006-7-27","85.87","85.88","85.96","85.37","","-0.07%"
"2006-7-28","85.44","85.85","86.03","85.32","","-0.50%"
"2006-7-31","85.30","85.39","85.46","85.18","","-0.16%"
"2006-8-1","85.05","85.28","85.63","85.03","","-0.29%"
"2006-8-2","85.05","85.05","85.20","84.91","","0.00%"
"2006-8-3","85.02","85.12","85.39","84.86","","-0.04%"
"2006-8-4","84.57","85.09","85.27","84.39","","-0.53%"
"2006-8-7","84.75","84.53","84.81","84.49","","0.21%"
"2006-8-8","84.66","84.86","84.90","84.47","","-0.11%"
"2006-8-9","84.71","85.21","85.22","84.43","","0.06%"
"2006-8-10","85.08","84.63","85.39","84.42","","0.44%"
"2006-8-11","85.52","85.10","85.58","85.07","","0.52%"
"2006-8-14","85.64","85.49","85.68","85.31","","0.14%"
"2006-8-15","85.22","85.60","85.75","85.10","","-0.49%"
"2006-8-16","84.88","85.18","85.31","84.70","","-0.40%"
"2006-8-17","85.04","84.89","85.14","84.61","","0.19%"
"2006-8-18","85.09","85.03","85.31","84.93","","0.06%"
"2006-8-21","84.63","85.02","85.12","84.42","","-0.54%"
"2006-8-22","85.18","84.80","85.28","84.73","","0.65%"
"2006-8-23","85.13","85.12","85.22","84.76","","-0.06%"
"2006-8-24","85.28","85.19","85.34","84.89","","0.18%"
"2006-8-25","85.38","85.30","85.55","85.20","","0.12%"
"2006-8-28","85.23","85.39","85.46","85.03","","-0.18%"
"2006-8-29","84.91","85.22","85.38","84.89","","-0.38%"
"2006-8-30","84.97","84.96","85.07","84.84","","0.07%"
"2006-8-31","85.05","84.91","85.21","84.72","","0.09%"
"2006-9-1","84.94","85.09","85.37","84.88","","-0.13%"
"2006-9-5","85.00","84.87","85.14","84.73","","0.07%"
"2006-9-6","85.10","85.01","85.35","84.97","","0.12%"
"2006-9-7","85.53","85.08","85.64","85.03","","0.51%"
"2006-9-8","85.95","85.55","86.06","85.51","","0.49%"
"2006-9-11","85.92","85.97","86.08","85.63","","-0.03%"
"2006-9-12","85.92","85.89","86.02","85.66","","0.00%"
"2006-9-13","85.87","85.86","86.02","85.72","","-0.06%"
"2006-9-14","85.66","85.84","85.94","85.46","","-0.24%"
"2006-9-15","85.99","85.69","86.17","85.59","","0.39%"
"2006-9-18","85.81","86.06","86.14","85.79","","-0.21%"
"2006-9-19","85.94","85.77","86.04","85.63","","0.15%"
"2006-9-20","85.81","85.92","85.97","85.63","","-0.15%"
"2006-9-21","85.18","85.87","85.89","85.17","","-0.73%"
"2006-9-22","85.20","85.22","85.23","84.91","","0.02%"
"2006-9-25","85.29","85.18","85.45","84.97","","0.11%"
"2006-9-26","85.63","85.37","85.84","85.27","","0.40%"
"2006-9-27","85.66","85.71","85.86","85.56","","0.04%"
"2006-9-28","85.72","85.67","85.92","85.54","","0.07%"
"2006-9-29","85.97","85.77","86.22","85.72","","0.29%"
"2006-10-2","85.59","86.01","86.13","85.51","","-0.44%"
"2006-10-3","85.71","85.61","85.76","85.47","","0.14%"
"2006-10-4","85.84","85.73","86.10","85.68","","0.15%"
"2006-10-5","85.92","85.83","86.05","85.74","","0.09%"
"2006-10-6","86.44","85.92","86.65","85.79","","0.61%"
"2006-10-9","86.52","86.53","86.60","86.44","","0.09%"
"2006-10-10","87.02","86.53","87.09","86.46","","0.58%"
"2006-10-11","87.12","87.05","87.21","86.88","","0.11%"
"2006-10-12","86.92","87.10","87.12","86.81","","-0.23%"
"2006-10-13","87.12","86.86","87.30","86.71","","0.23%"
"2006-10-16","87.00","87.17","87.20","86.88","","-0.14%"
"2006-10-17","86.87","86.90","86.99","86.67","","-0.15%"
"2006-10-18","86.88","86.82","87.09","86.70","","0.01%"
"2006-10-19","86.24","86.87","86.89","86.18","","-0.74%"
"2006-10-20","86.27","86.28","86.40","86.14","","0.03%"
"2006-10-23","86.71","86.30","86.82","86.27","","0.51%"
"2006-10-24","86.63","86.74","86.92","86.56","","-0.09%"
"2006-10-25","86.38","86.70","86.72","86.34","","-0.29%"
"2006-10-26","85.89","86.37","86.38","85.83","","-0.57%"
"2006-10-27","85.56","85.89","86.07","85.43","","-0.38%"
"2006-10-30","85.59","85.57","85.69","85.50","","0.04%"
"2006-10-31","85.32","85.67","85.87","85.21","","-0.32%"
"2006-11-1","85.32","85.29","85.50","85.15","","0.00%"
"2006-11-2","85.34","85.46","85.55","85.32","","0.02%"
"2006-11-3","85.71","85.35","85.91","85.27","","0.43%"
"2006-11-6","85.75","85.70","85.93","85.66","","0.05%"
"2006-11-7","85.43","85.71","85.73","85.10","","-0.37%"
"2006-11-8","85.41","85.38","85.60","85.19","","-0.02%"
"2006-11-9","85.18","85.48","85.63","85.06","","-0.27%"
"2006-11-10","85.05","85.12","85.13","84.70","","-0.15%"
"2006-11-13","85.36","85.02","85.44","84.84","","0.36%"
"2006-11-14","85.24","85.30","85.44","84.95","","-0.14%"
"2006-11-15","85.34","85.30","85.63","85.22","","0.12%"
"2006-11-16","85.50","85.32","85.56","85.22","","0.19%"
"2006-11-17","85.37","85.53","85.70","85.18","","-0.15%"
"2006-11-20","85.42","85.34","85.46","85.20","","0.06%"
"2006-11-21","85.24","85.40","85.48","85.18","","-0.21%"
"2006-11-22","84.65","85.26","85.27","84.44","","-0.69%"
"2006-11-23","84.48","84.58","84.53","84.36","","-0.20%"
"2006-11-24","83.71","84.40","84.51","83.56","","-0.91%"
"2006-11-27","83.51","83.35","83.78","83.25","","-0.24%"
"2006-11-28","83.21","83.51","83.58","83.15","","-0.36%"
"2006-11-29","83.44","83.14","83.57","83.05","","0.28%"
"2006-11-30","82.92","83.51","83.53","82.79","","-0.62%"
"2006-12-1","82.48","82.91","83.09","82.36","","-0.53%"
"2006-12-4","82.49","82.36","82.76","82.31","","0.01%"
"2006-12-5","82.45","82.46","82.70","82.24","","-0.05%"
"2006-12-6","82.77","82.53","82.88","82.40","","0.39%"
"2006-12-7","82.80","82.78","82.83","82.53","","0.04%"
"2006-12-8","83.33","82.78","83.34","82.38","","0.64%"
"2006-12-11","83.12","83.34","83.67","83.05","","-0.25%"
"2006-12-12","82.97","83.09","83.31","82.88","","-0.18%"
"2006-12-13","82.97","82.92","83.44","82.89","","0.00%"
"2006-12-14","83.65","83.30","83.72","83.13","","0.82%"
"2006-12-15","84.06","83.64","84.14","83.49","","0.49%"
"2006-12-18","83.98","84.03","84.22","83.84","","-0.10%"
"2006-12-19","83.46","83.96","84.03","83.32","","-0.62%"
"2006-12-20","83.52","83.37","83.63","83.21","","0.07%"
"2006-12-21","83.57","83.49","83.76","83.34","","0.06%"
"2006-12-22","83.94","83.54","83.96","83.38","","0.44%"
"2006-12-26","84.07","83.84","84.13","83.80","","0.15%"
"2006-12-27","83.94","84.03","84.10","83.65","","-0.15%"
"2006-12-28","83.82","83.94","84.03","83.53","","-0.14%"
"2006-12-29","83.72","83.82","83.87","83.61","","-0.12%"
"2007-1-2","83.20","83.46","83.61","83.15","","-0.62%"
"2007-1-3","83.92","83.27","84.04","83.17","","0.87%"
"2007-1-4","84.32","83.91","84.39","83.84","","0.48%"
"2007-1-5","84.63","84.29","84.81","84.15","","0.37%"
"2007-1-8","84.60","84.64","84.84","84.49","","-0.04%"
"2007-1-9","84.74","84.49","84.84","84.43","","0.17%"
"2007-1-10","85.08","84.78","85.14","84.72","","0.40%"
"2007-1-11","85.31","85.06","85.36","84.70","","0.27%"
"2007-1-12","85.03","85.29","85.40","84.93","","-0.33%"
"2007-1-16","85.05","84.94","85.13","84.64","","0.02%"
"2007-1-17","84.98","85.10","85.16","84.87","","-0.08%"
"2007-1-18","84.91","84.93","85.26","84.76","","-0.08%"
"2007-1-19","84.86","84.92","85.15","84.73","","-0.06%"
"2007-1-22","85.02","84.90","85.14","84.83","","0.19%"
"2007-1-23","84.67","85.03","85.12","84.49","","-0.41%"
"2007-1-24","84.94","84.69","85.04","84.61","","0.32%"
"2007-1-25","85.11","84.92","85.19","84.67","","0.20%"
"2007-1-26","85.28","85.15","85.43","85.10","","0.20%"
"2007-1-29","85.10","85.15","85.38","85.04","","-0.21%"
"2007-1-30","85.03","85.06","85.12","84.94","","-0.08%"
"2007-1-31","84.61","85.02","85.27","84.57","","-0.49%"
"2007-2-1","84.63","84.65","84.74","84.40","","0.02%"
"2007-2-2","84.96","84.68","85.04","84.44","","0.39%"
"2007-2-5","85.08","84.98","85.20","84.89","","0.14%"
"2007-2-6","84.78","85.05","85.17","84.72","","-0.35%"
"2007-2-7","84.75","84.75","84.86","84.65","","-0.04%"
"2007-2-8","84.70","84.67","85.03","84.66","","-0.06%"
"2007-2-9","84.87","84.72","85.03","84.69","","0.20%"
"2007-2-12","85.15","84.83","85.21","84.74","","0.33%"
"2007-2-13","84.73","85.14","85.16","84.69","","-0.49%"
"2007-2-14","84.20","84.74","84.78","84.07","","-0.63%"
"2007-2-15","84.01","84.10","84.26","83.94","","-0.23%"
"2007-2-16","84.09","84.10","84.31","84.05","","0.10%"
"2007-2-20","84.19","84.10","84.24","83.89","","0.12%"
"2007-2-21","84.21","84.14","84.41","84.08","","0.02%"
"2007-2-22","84.32","84.24","84.53","84.19","","0.13%"
"2007-2-23","84.07","84.34","84.43","83.94","","-0.30%"
"2007-2-26","83.93","83.97","84.09","83.89","","-0.17%"
"2007-2-27","83.48","83.90","84.01","83.40","","-0.54%"
"2007-2-28","83.57","83.53","83.85","83.49","","0.11%"
"2007-3-1","83.68","83.62","83.88","83.47","","0.13%"
"2007-3-2","83.74","83.84","83.97","83.64","","0.07%"
"2007-3-5","84.15","83.73","84.25","83.61","","0.49%"
"2007-3-6","84.07","84.18","84.26","83.99","","-0.10%"
"2007-3-7","83.78","83.98","84.10","83.75","","-0.34%"
"2007-3-8","84.10","83.75","84.22","83.74","","0.38%"
"2007-3-9","84.24","84.09","84.38","83.96","","0.17%"
"2007-3-12","83.86","84.23","84.28","83.80","","-0.45%"
"2007-3-13","83.73","83.84","83.97","83.58","","-0.16%"
"2007-3-14","83.61","83.71","83.88","83.48","","-0.14%"
"2007-3-15","83.68","83.72","83.81","83.54","","0.08%"
"2007-3-16","83.23","83.61","83.65","83.03","","-0.54%"
"2007-3-19","83.39","83.17","83.47","83.15","","0.19%"
"2007-3-20","83.11","83.31","83.50","83.04","","-0.34%"
"2007-3-21","82.77","83.08","83.26","82.74","","-0.41%"
"2007-3-22","83.09","82.74","83.20","82.65","","0.39%"
"2007-3-23","83.28","83.10","83.29","82.96","","0.23%"
"2007-3-26","83.08","83.39","83.46","82.94","","-0.24%"
"2007-3-27","83.01","83.08","83.14","82.91","","-0.08%"
"2007-3-28","83.03","82.90","83.07","82.75","","0.02%"
"2007-3-29","83.09","83.07","83.17","82.94","","0.07%"
"2007-3-30","82.93","83.09","83.33","82.64","","-0.19%"
"2007-4-2","82.87","82.91","83.04","82.75","","-0.07%"
"2007-4-3","83.15","82.85","83.21","82.82","","0.34%"
"2007-4-4","82.96","83.18","83.21","82.88","","-0.23%"
"2007-4-5","82.68","82.94","83.03","82.59","","-0.34%"
"2007-4-6","82.99","82.74","83.04","82.67","","0.37%"
"2007-4-9","83.10","83.00","83.18","82.95","","0.13%"
"2007-4-10","82.70","83.10","83.13","82.56","","-0.48%"
"2007-4-11","82.67","82.69","82.79","82.60","","-0.04%"
"2007-4-12","82.37","82.61","82.67","82.27","","-0.36%"
"2007-4-13","82.13","82.32","82.44","81.97","","-0.29%"
"2007-4-16","82.07","82.03","82.16","81.98","","-0.07%"
"2007-4-17","81.83","82.17","82.19","81.75","","-0.29%"
"2007-4-18","81.74","81.82","81.92","81.57","","-0.11%"
"2007-4-19","81.64","81.57","81.76","81.51","","-0.12%"
"2007-4-20","81.64","81.55","81.74","81.52","","0.00%"
"2007-4-23","81.74","81.63","81.93","81.60","","0.12%"
"2007-4-24","81.55","81.70","81.84","81.44","","-0.23%"
"2007-4-25","81.43","81.48","81.56","81.29","","-0.15%"
"2007-4-26","81.75","81.45","81.81","81.36","","0.39%"
"2007-4-27","81.53","81.81","81.83","81.27","","-0.27%"
"2007-4-30","81.45","81.52","81.80","81.27","","-0.10%"
"2007-5-1","81.59","81.42","81.72","81.25","","0.17%"
"2007-5-2","81.74","81.70","81.94","81.64","","0.18%"
"2007-5-3","81.95","81.80","81.99","81.61","","0.26%"
"2007-5-4","81.74","81.95","82.04","81.64","","-0.26%"
"2007-5-7","81.68","81.61","81.75","81.53","","-0.07%"
"2007-5-8","81.94","81.68","82.04","81.55","","0.32%"
"2007-5-9","82.02","81.96","82.04","81.77","","0.10%"
"2007-5-10","82.29","82.02","82.38","81.84","","0.33%"
"2007-5-11","82.12","82.28","82.36","82.09","","-0.21%"
"2007-5-14","82.07","82.10","82.15","81.99","","-0.06%"
"2007-5-15","81.75","82.05","82.11","81.66","","-0.39%"
"2007-5-16","82.16","81.75","82.24","81.67","","0.50%"
"2007-5-17","82.32","82.16","82.40","82.08","","0.19%"
"2007-5-18","82.20","82.32","82.40","82.09","","-0.15%"
"2007-5-21","82.36","82.12","82.51","82.08","","0.19%"
"2007-5-22","82.39","82.37","82.48","82.29","","0.04%"
"2007-5-23","82.31","82.42","82.60","82.10","","-0.10%"
"2007-5-24","82.41","82.31","82.49","82.24","","0.12%"
"2007-5-25","82.33","82.41","82.47","82.20","","-0.10%"
"2007-5-29","82.31","82.35","82.46","82.05","","-0.02%"
"2007-5-30","82.43","82.34","82.52","82.26","","0.15%"
"2007-5-31","82.30","82.44","82.46","82.19","","-0.16%"
"2007-6-1","82.32","82.31","82.59","82.26","","0.02%"
"2007-6-4","82.06","82.33","82.34","81.98","","-0.32%"
"2007-6-5","81.89","82.04","82.06","81.70","","-0.21%"
"2007-6-6","81.90","81.90","81.99","81.80","","0.01%"
"2007-6-7","82.29","81.94","82.34","81.87","","0.48%"
"2007-6-8","82.69","82.30","82.92","82.30","","0.49%"
"2007-6-11","82.71","82.71","82.82","82.63","","0.02%"
"2007-6-12","82.89","82.72","82.93","82.62","","0.22%"
"2007-6-13","83.03","82.95","83.27","82.94","","0.17%"
"2007-6-14","83.13","83.04","83.25","83.01","","0.12%"
"2007-6-15","82.85","83.09","83.14","82.79","","-0.34%"
"2007-6-18","82.72","82.84","82.86","82.68","","-0.16%"
"2007-6-19","82.54","82.71","82.82","82.54","","-0.22%"
"2007-6-20","82.52","82.57","82.58","82.46","","-0.02%"
"2007-6-21","82.73","82.63","82.75","82.59","","0.25%"
"2007-6-22","82.34","82.70","82.76","82.32","","-0.47%"
"2007-6-25","82.33","82.34","82.47","82.30","","-0.01%"
"2007-6-26","82.30","82.33","82.47","82.20","","-0.04%"
"2007-6-27","82.32","82.37","82.48","82.26","","0.02%"
"2007-6-28","82.33","82.33","82.35","82.14","","0.01%"
"2007-6-29","81.92","82.28","82.35","81.90","","-0.50%"
"2007-7-2","81.39","81.87","81.95","81.31","","-0.65%"
"2007-7-3","81.44","81.41","81.60","81.34","","0.06%"
"2007-7-5","81.54","81.45","81.66","81.24","","0.12%"
"2007-7-6","81.47","81.63","81.73","81.33","","-0.09%"
"2007-7-9","81.43","81.46","81.51","81.34","","-0.05%"
"2007-7-10","80.86","81.54","81.58","80.82","","-0.70%"
"2007-7-11","80.73","80.69","80.86","80.62","","-0.16%"
"2007-7-12","80.64","80.76","80.84","80.55","","-0.11%"
"2007-7-13","80.58","80.63","80.73","80.44","","-0.07%"
"2007-7-16","80.52","80.53","80.67","80.44","","-0.07%"
"2007-7-17","80.54","80.53","80.61","80.44","","0.02%"
"2007-7-18","80.42","80.31","80.66","80.23","","-0.15%"
"2007-7-19","80.42","80.47","80.49","80.30","","0.00%"
"2007-7-20","80.29","80.45","80.53","80.12","","-0.16%"
"2007-7-23","80.35","80.13","80.40","80.12","","0.07%"
"2007-7-24","80.08","80.18","80.34","80.02","","-0.34%"
"2007-7-25","80.65","80.13","80.71","80.07","","0.71%"
"2007-7-26","80.45","80.60","80.75","80.29","","-0.25%"
"2007-7-27","80.95","80.53","81.01","80.39","","0.62%"
"2007-7-30","80.85","80.97","81.09","80.80","","-0.12%"
"2007-7-31","80.77","80.77","80.89","80.65","","-0.10%"
"2007-8-1","80.87","80.90","80.97","80.66","","0.12%"
"2007-8-2","80.71","80.84","80.91","80.64","","-0.20%"
"2007-8-3","80.18","80.66","80.77","80.16","","-0.66%"
"2007-8-6","80.25","80.11","80.31","79.96","","0.09%"
"2007-8-7","80.48","80.25","80.58","80.19","","0.29%"
"2007-8-8","80.34","80.56","80.71","80.17","","-0.17%"
"2007-8-9","80.74","80.27","80.92","80.23","","0.50%"
"2007-8-10","80.68","80.84","80.90","80.64","","-0.07%"
"2007-8-13","81.05","80.73","81.11","80.62","","0.46%"
"2007-8-14","81.49","81.05","81.51","81.00","","0.54%"
"2007-8-15","81.82","81.72","81.87","81.48","","0.40%"
"2007-8-16","81.73","81.98","82.13","81.63","","-0.11%"
"2007-8-17","81.43","81.63","81.80","81.03","","-0.37%"
"2007-8-20","81.40","81.32","81.49","81.28","","-0.04%"
"2007-8-21","81.49","81.43","81.56","81.25","","0.11%"
"2007-8-22","81.25","81.43","81.57","81.17","","-0.29%"
"2007-8-23","81.14","81.23","81.29","81.05","","-0.14%"
"2007-8-24","80.67","81.10","81.16","80.61","","-0.58%"
"2007-8-27","80.74","80.70","80.78","80.58","","0.09%"
"2007-8-28","80.76","80.86","80.90","80.58","","0.02%"
"2007-8-29","80.70","80.97","81.05","80.61","","-0.07%"
"2007-8-30","80.79","80.69","81.02","80.64","","0.11%"
"2007-8-31","80.79","80.72","80.86","80.44","","0.00%"
"2007-9-4","80.88","80.81","81.14","80.80","","0.11%"
"2007-9-5","80.62","81.02","81.09","80.52","","-0.32%"
"2007-9-6","80.47","80.66","80.71","80.36","","-0.19%"
"2007-9-7","79.96","80.50","80.57","79.84","","-0.63%"
"2007-9-10","79.82","79.91","80.00","79.79","","-0.18%"
"2007-9-11","79.70","79.93","79.94","79.60","","-0.15%"
"2007-9-12","79.36","79.52","79.74","79.32","","-0.43%"
"2007-9-13","79.51","79.44","79.65","79.30","","0.19%"
"2007-9-14","79.62","79.62","79.78","79.44","","0.14%"
"2007-9-17","79.72","79.66","79.80","79.57","","0.13%"
"2007-9-18","79.21","79.75","79.85","79.18","","-0.64%"
"2007-9-19","79.30","79.15","79.45","79.09","","0.11%"
"2007-9-20","78.58","79.21","79.31","78.45","","-0.91%"
"2007-9-21","78.60","78.53","78.83","78.40","","0.03%"
"2007-9-24","78.53","78.39","78.62","78.31","","-0.09%"
"2007-9-25","78.31","78.57","78.69","78.21","","-0.28%"
"2007-9-26","78.49","78.39","78.61","78.25","","0.23%"
"2007-9-27","78.34","78.47","78.55","78.16","","-0.19%"
"2007-9-28","77.72","78.29","78.38","77.67","","-0.79%"
"2007-10-1","77.90","77.79","78.05","77.66","","0.23%"
"2007-10-2","78.30","77.99","78.38","77.91","","0.51%"
"2007-10-3","78.57","78.26","78.58","78.12","","0.34%"
"2007-10-4","78.48","78.67","78.72","78.33","","-0.11%"
"2007-10-5","78.31","78.46","78.82","78.22","","-0.22%"
"2007-10-8","78.67","78.32","78.67","78.31","","0.46%"
"2007-10-9","78.53","78.82","78.89","78.46","","-0.18%"
"2007-10-10","78.38","78.49","78.53","78.20","","-0.19%"
"2007-10-11","78.08","78.25","78.37","77.96","","-0.38%"
"2007-10-12","78.22","78.19","78.36","78.08","","0.18%"
"2007-10-15","78.09","78.21","78.28","77.94","","-0.17%"
"2007-10-16","78.25","78.05","78.34","77.99","","0.20%"
"2007-10-17","78.12","78.18","78.26","77.94","","-0.17%"
"2007-10-18","77.59","77.90","78.04","77.48","","-0.68%"
"2007-10-19","77.41","77.43","77.67","77.40","","-0.23%"
"2007-10-22","78.06","77.28","78.20","77.09","","0.84%"
"2007-10-23","77.59","77.86","78.01","77.47","","-0.60%"
"2007-10-24","77.55","77.55","77.83","77.48","","-0.05%"
"2007-10-25","77.28","77.52","77.58","77.15","","-0.35%"
"2007-10-26","77.03","77.22","77.30","76.98","","-0.32%"
"2007-10-29","76.84","76.87","77.09","76.78","","-0.25%"
"2007-10-30","76.77","76.97","77.03","76.75","","-0.09%"
"2007-10-31","76.48","76.75","76.89","76.47","","-0.38%"
"2007-11-1","76.59","76.61","76.87","76.51","","0.14%"
"2007-11-2","76.34","76.59","76.77","76.22","","-0.33%"
"2007-11-5","76.42","76.39","76.50","76.24","","0.10%"
"2007-11-6","76.04","76.28","76.44","75.99","","-0.50%"
"2007-11-7","75.41","75.57","76.02","75.08","","-0.83%"
"2007-11-8","75.46","75.57","75.65","75.26","","0.07%"
"2007-11-9","75.40","75.22","75.53","74.98","","-0.08%"
"2007-11-12","75.90","75.52","76.11","75.38","","0.66%"
"2007-11-13","75.88","75.79","76.15","75.65","","-0.03%"
"2007-11-14","75.81","75.64","75.87","75.40","","-0.09%"
"2007-11-15","76.07","75.64","76.09","75.55","","0.34%"
"2007-11-16","75.83","76.01","76.15","75.77","","-0.32%"
"2007-11-19","75.78","75.78","75.96","75.67","","-0.07%"
"2007-11-20","75.20","75.76","75.91","75.06","","-0.77%"
"2007-11-21","75.07","75.07","75.31","74.94","","-0.17%"
"2007-11-23","75.05","74.71","75.23","74.48","","-0.03%"
"2007-11-26","74.86","75.11","75.18","74.76","","-0.25%"
"2007-11-27","75.10","74.88","75.24","74.75","","0.32%"
"2007-11-28","75.08","75.16","75.73","75.08","","-0.03%"
"2007-11-29","75.59","75.31","75.68","75.14","","0.68%"
"2007-11-30","76.15","75.71","76.18","75.48","","0.74%"
"2007-12-3","75.94","75.93","76.16","75.81","","-0.28%"
"2007-12-4","75.69","75.94","76.08","75.59","","-0.33%"
"2007-12-5","76.41","75.83","76.53","75.68","","0.95%"
"2007-12-6","76.38","76.50","76.82","76.27","","-0.04%"
"2007-12-7","76.29","76.44","76.51","76.21","","-0.12%"
"2007-12-10","76.06","76.30","76.37","75.97","","-0.30%"
"2007-12-11","76.22","76.04","76.33","75.92","","0.21%"
"2007-12-12","76.14","76.13","76.31","75.93","","-0.10%"
"2007-12-13","76.56","76.16","76.74","76.02","","0.55%"
"2007-12-14","77.44","76.46","77.48","76.42","","1.15%"
"2007-12-17","77.40","77.37","77.80","77.27","","-0.05%"
"2007-12-18","77.41","77.31","77.56","77.31","","0.01%"
"2007-12-19","77.59","77.46","77.80","77.34","","0.23%"
"2007-12-20","77.79","77.64","77.85","77.52","","0.26%"
"2007-12-21","77.72","77.49","77.79","77.43","","-0.09%"
"2007-12-24","77.57","77.63","77.70","77.51","","-0.19%"
"2007-12-26","77.15","77.59","77.61","77.13","","-0.54%"
"2007-12-27","76.61","77.09","77.27","76.56","","-0.70%"
"2007-12-28","76.22","76.57","76.75","76.11","","-0.51%"
"2007-12-31","76.69","75.98","76.75","75.96","","0.62%"
"2008-1-2","75.97","76.35","76.65","75.90","","-0.94%"
"2008-1-3","75.89","75.99","76.16","75.71","","-0.11%"
"2008-1-4","75.79","75.95","76.08","75.43","","-0.13%"
"2008-1-7","76.17","76.05","76.34","75.85","","0.50%"
"2008-1-8","76.11","76.10","76.25","75.95","","-0.08%"
"2008-1-9","76.42","76.08","76.50","76.05","","0.41%"
"2008-1-10","75.93","76.40","76.52","75.83","","-0.64%"
"2008-1-11","75.98","75.89","76.06","75.79","","0.07%"
"2008-1-14","75.61","75.61","75.99","75.36","","-0.49%"
"2008-1-15","75.57","75.48","75.79","75.20","","-0.05%"
"2008-1-16","76.26","75.54","76.46","75.43","","0.91%"
"2008-1-17","76.17","76.19","76.52","75.96","","-0.12%"
"2008-1-18","76.38","76.30","76.49","76.14","","0.28%"
"2008-1-21","76.87","76.66","77.07","76.39","","0.64%"
"2008-1-22","76.35","77.11","77.35","76.25","","-0.68%"
"2008-1-23","76.40","76.28","76.65","76.25","","0.07%"
"2008-1-24","75.69","76.31","76.44","75.62","","-0.93%"
"2008-1-25","75.97","75.75","76.04","75.63","","0.37%"
"2008-1-28","75.58","75.94","76.02","75.48","","-0.51%"
"2008-1-29","75.55","75.56","75.69","75.47","","-0.04%"
"2008-1-30","75.03","75.50","75.59","74.99","","-0.69%"
"2008-1-31","75.18","75.10","75.45","74.97","","0.20%"
"2008-2-1","75.44","75.23","75.57","74.85","","0.35%"
"2008-2-4","75.37","75.44","75.55","75.28","","-0.09%"
"2008-2-5","76.12","75.43","76.20","75.34","","1.00%"
"2008-2-6","76.14","76.09","76.32","75.99","","0.03%"
"2008-2-7","76.94","76.15","77.04","76.09","","1.05%"
"2008-2-8","76.67","76.76","76.97","76.50","","-0.35%"
"2008-2-11","76.58","76.45","76.71","76.32","","-0.12%"
"2008-2-12","76.31","76.47","76.67","76.20","","-0.35%"
"2008-2-13","76.40","76.39","76.61","76.28","","0.12%"
"2008-2-14","76.16","76.42","76.51","76.07","","-0.31%"
"2008-2-15","76.10","76.05","76.17","75.85","","-0.08%"
"2008-2-18","76.26","76.07","76.42","76.01","","0.21%"
"2008-2-19","76.00","76.02","76.32","75.81","","-0.34%"
"2008-2-20","76.12","76.11","76.53","75.99","","0.16%"
"2008-2-21","75.60","76.07","76.16","75.48","","-0.68%"
"2008-2-22","75.52","75.64","75.71","75.36","","-0.11%"
"2008-2-25","75.53","75.53","75.68","75.44","","0.01%"
"2008-2-26","74.76","75.57","75.69","74.51","","-1.02%"
"2008-2-27","74.21","74.54","74.74","74.07","","-0.74%"
"2008-2-28","73.72","74.26","74.37","73.62","","-0.66%"
"2008-2-29","73.71","73.83","73.89","73.56","","-0.01%"
"2008-3-3","73.70","73.75","73.78","73.62","","-0.01%"
"2008-3-4","73.66","73.74","73.78","73.48","","-0.05%"
"2008-3-5","73.48","73.72","73.95","73.37","","-0.24%"
"2008-3-6","73.00","73.43","73.47","72.86","","-0.65%"
"2008-3-7","73.03","72.88","73.17","72.46","","0.04%"
"2008-3-10","72.99","72.99","73.09","72.76","","-0.05%"
"2008-3-11","73.28","73.00","73.40","72.47","","0.40%"
"2008-3-12","72.40","73.19","73.20","72.20","","-1.20%"
"2008-3-13","72.07","72.29","72.36","71.80","","-0.46%"
"2008-3-14","71.66","71.93","72.28","71.58","","-0.57%"
"2008-3-17","71.46","71.63","71.69","70.70","","-0.28%"
"2008-3-18","71.57","71.51","71.96","71.04","","0.15%"
"2008-3-19","72.14","71.91","72.23","71.25","","0.80%"
"2008-3-20","72.75","72.02","72.92","71.98","","0.85%"
"2008-3-24","72.95","72.78","73.19","72.77","","0.27%"
"2008-3-25","72.28","72.94","72.97","72.02","","-0.92%"
"2008-3-26","71.51","72.13","72.31","71.33","","-1.07%"
"2008-3-27","71.66","71.38","71.81","71.33","","0.21%"
"2008-3-28","71.68","71.59","71.84","71.48","","0.03%"
"2008-3-31","71.80","71.61","71.88","71.35","","0.17%"
"2008-4-1","72.56","71.87","72.74","71.74","","1.06%"
"2008-4-2","72.26","72.54","72.80","72.18","","-0.41%"
"2008-4-3","72.22","72.27","72.84","72.13","","-0.06%"
"2008-4-4","72.02","72.19","72.32","71.80","","-0.28%"
"2008-4-7","72.20","71.98","72.43","71.93","","0.25%"
"2008-4-8","72.23","72.19","72.38","71.85","","0.04%"
"2008-4-9","71.83","72.37","72.39","71.69","","-0.55%"
"2008-4-10","72.12","71.88","72.19","71.42","","0.40%"
"2008-4-11","71.81","72.12","72.17","71.70","","-0.43%"
"2008-4-14","71.88","72.36","72.38","71.49","","0.10%"
"2008-4-15","72.02","71.80","72.16","71.65","","0.19%"
"2008-4-16","71.41","72.06","72.09","71.28","","-0.85%"
"2008-4-17","71.68","71.45","71.78","71.30","","0.38%"
"2008-4-18","72.01","71.62","72.41","71.39","","0.46%"
"2008-4-21","71.65","71.98","72.03","71.50","","-0.50%"
"2008-4-22","71.33","71.69","71.92","71.19","","-0.45%"
"2008-4-23","71.82","71.33","71.95","71.32","","0.69%"
"2008-4-24","72.53","71.85","72.72","71.83","","0.99%"
"2008-4-25","72.79","72.54","73.03","72.45","","0.36%"
"2008-4-28","72.79","72.73","72.79","72.44","","0.00%"
"2008-4-29","72.89","72.56","72.94","72.51","","0.14%"
"2008-4-30","72.51","72.86","73.11","72.49","","-0.52%"
"2008-5-1","73.28","72.57","73.39","72.50","","1.06%"
"2008-5-2","73.50","73.20","73.70","73.11","","0.30%"
"2008-5-5","73.19","73.46","73.54","73.11","","-0.42%"
"2008-5-6","73.00","73.18","73.34","72.73","","-0.26%"
"2008-5-7","73.51","72.98","73.65","72.97","","0.70%"
"2008-5-8","73.48","73.52","73.89","73.24","","-0.04%"
"2008-5-9","73.05","73.46","73.48","73.03","","-0.59%"
"2008-5-12","72.95","73.06","73.52","72.79","","-0.14%"
"2008-5-13","73.27","72.92","73.43","72.86","","0.44%"
"2008-5-14","73.40","73.28","73.62","73.24","","0.18%"
"2008-5-15","73.35","73.33","73.51","73.03","","-0.07%"
"2008-5-16","72.84","73.34","73.39","72.69","","-0.70%"
"2008-5-19","73.05","72.81","73.17","72.55","","0.29%"
"2008-5-20","72.41","72.99","73.08","72.35","","-0.88%"
"2008-5-21","71.94","72.45","72.49","71.88","","-0.65%"
"2008-5-22","72.28","71.91","72.31","71.82","","0.47%"
"2008-5-23","71.89","72.13","72.29","71.85","","-0.54%"
"2008-5-26","71.89","71.98","72.10","71.88","","0.00%"
"2008-5-27","72.34","71.99","72.40","71.84","","0.63%"
"2008-5-28","72.55","72.36","72.75","72.10","","0.29%"
"2008-5-29","73.02","72.50","73.13","72.44","","0.65%"
"2008-5-30","72.88","73.02","73.22","72.84","","-0.19%"
"2008-6-2","72.93","72.87","73.15","72.74","","0.07%"
"2008-6-3","73.24","72.91","73.50","72.57","","0.43%"
"2008-6-4","73.42","73.36","73.52","73.20","","0.25%"
"2008-6-5","73.04","73.49","73.87","73.00","","-0.52%"
"2008-6-6","72.39","73.07","73.16","72.34","","-0.89%"
"2008-6-9","72.85","72.29","72.98","72.13","","0.64%"
"2008-6-10","73.70","72.87","73.73","72.84","","1.17%"
"2008-6-11","73.21","73.66","73.71","73.09","","-0.66%"
"2008-6-12","73.86","73.26","74.04","73.21","","0.89%"
"2008-6-13","74.15","73.78","74.31","73.70","","0.39%"
"2008-6-16","73.61","74.01","74.18","73.45","","-0.73%"
"2008-6-17","73.51","73.64","73.72","73.32","","-0.14%"
"2008-6-18","73.44","73.51","73.77","73.39","","-0.10%"
"2008-6-19","73.48","73.40","73.59","73.20","","0.05%"
"2008-6-20","73.03","73.47","73.52","72.93","","-0.61%"
"2008-6-23","73.43","73.07","73.65","72.98","","0.55%"
"2008-6-24","73.24","73.43","73.58","73.04","","-0.26%"
"2008-6-25","72.93","73.25","73.40","72.83","","-0.42%"
"2008-6-26","72.49","72.91","73.08","72.45","","-0.60%"
"2008-6-27","72.36","72.53","72.64","72.27","","-0.18%"
"2008-6-30","72.46","72.33","72.57","72.04","","0.14%"
"2008-7-1","72.37","72.46","72.60","72.14","","-0.12%"
"2008-7-2","72.03","72.37","72.52","72.01","","-0.47%"
"2008-7-3","72.74","72.07","72.80","72.00","","0.99%"
"2008-7-4","72.73","72.74","72.85","72.62","","-0.01%"
"2008-7-7","72.67","72.69","73.16","72.56","","-0.08%"
"2008-7-8","73.01","72.75","73.08","72.56","","0.47%"
"2008-7-9","72.58","72.96","73.02","72.54","","-0.59%"
"2008-7-10","72.49","72.60","72.84","72.41","","-0.12%"
"2008-7-11","72.10","72.49","72.59","71.80","","-0.54%"
"2008-7-14","71.92","71.86","72.30","71.77","","-0.25%"
"2008-7-15","71.87","71.98","72.04","71.31","","-0.07%"
"2008-7-16","72.06","71.73","72.11","71.51","","0.26%"
"2008-7-17","72.24","72.08","72.41","71.82","","0.25%"
"2008-7-18","72.19","72.09","72.30","71.97","","-0.07%"
"2008-7-21","71.99","72.19","72.25","71.80","","-0.28%"
"2008-7-22","72.45","71.87","72.58","71.74","","0.64%"
"2008-7-23","72.81","72.52","72.85","72.38","","0.50%"
"2008-7-24","72.93","72.87","73.02","72.70","","0.16%"
"2008-7-25","72.86","72.85","72.93","72.54","","-0.10%"
"2008-7-28","72.65","72.82","72.91","72.61","","-0.29%"
"2008-7-29","73.31","72.67","73.43","72.62","","0.91%"
"2008-7-30","73.32","73.28","73.54","73.13","","0.01%"
"2008-7-31","73.23","73.30","73.34","72.86","","-0.12%"
"2008-8-1","73.42","73.22","73.53","73.21","","0.26%"
"2008-8-4","73.46","73.37","73.53","73.20","","0.05%"
"2008-8-5","73.88","73.56","73.99","73.56","","0.57%"
"2008-8-6","74.24","73.93","74.31","73.73","","0.49%"
"2008-8-7","74.55","74.25","74.61","73.89","","0.42%"
"2008-8-8","75.84","74.53","75.90","74.50","","1.73%"
"2008-8-11","76.12","75.82","76.36","75.49","","0.37%"
"2008-8-12","76.15","76.25","76.62","75.97","","0.04%"
"2008-8-13","76.21","76.14","76.52","75.84","","0.08%"
"2008-8-14","76.67","76.22","76.82","76.10","","0.60%"
"2008-8-15","77.18","76.76","77.27","76.76","","0.67%"
"2008-8-18","77.12","77.14","77.19","76.78","","-0.08%"
"2008-8-19","76.84","77.14","77.41","76.72","","-0.36%"
"2008-8-20","76.96","76.75","77.24","76.66","","0.16%"
"2008-8-21","76.20","76.94","76.95","76.02","","-0.99%"
"2008-8-22","76.81","76.11","76.87","76.10","","0.80%"
"2008-8-25","76.79","76.79","77.15","76.55","","-0.03%"
"2008-8-26","77.25","76.80","77.62","76.78","","0.60%"
"2008-8-27","77.05","77.28","77.28","76.66","","-0.26%"
"2008-8-28","77.15","77.01","77.31","76.62","","0.13%"
"2008-8-29","77.38","77.13","77.44","76.79","","0.30%"
"2008-9-2","78.06","77.75","78.31","77.66","","0.88%"
"2008-9-3","78.09","78.06","78.65","77.97","","0.04%"
"2008-9-4","78.61","78.07","79.08","77.82","","0.67%"
"2008-9-5","78.93","78.95","79.07","78.39","","0.41%"
"2008-9-8","79.59","78.72","79.84","78.20","","0.84%"
"2008-9-9","79.25","79.45","79.78","79.00","","-0.43%"
"2008-9-10","79.84","79.52","80.16","79.22","","0.74%"
"2008-9-11","80.15","80.08","80.38","79.80","","0.39%"
"2008-9-12","78.97","80.00","80.05","78.91","","-1.47%"
"2008-9-15","78.91","78.42","79.36","77.64","","-0.08%"
"2008-9-16","79.07","78.48","79.37","78.38","","0.20%"
"2008-9-17","78.09","79.24","79.26","77.94","","-1.24%"
"2008-9-18","78.02","78.22","78.41","77.26","","-0.09%"
"2008-9-19","77.68","78.25","79.21","77.58","","-0.44%"
"2008-9-22","76.15","77.58","77.80","75.89","","-1.97%"
"2008-9-23","76.47","76.19","76.92","76.06","","0.42%"
"2008-9-24","76.79","76.64","77.05","76.40","","0.42%"
"2008-9-25","76.99","76.86","77.28","76.30","","0.26%"
"2008-9-26","76.95","76.97","77.15","76.69","","-0.05%"
"2008-9-29","77.47","76.91","78.37","76.90","","0.68%"
"2008-9-30","79.45","77.89","79.69","77.73","","2.56%"
"2008-10-1","79.46","79.20","79.87","78.95","","0.01%"
"2008-10-2","80.44","79.70","80.79","79.64","","1.23%"
"2008-10-3","80.31","80.51","80.93","79.99","","-0.16%"
"2008-10-6","81.67","81.09","81.75","80.81","","1.69%"
"2008-10-7","80.97","81.46","81.65","80.57","","-0.86%"
"2008-10-8","80.91","81.19","81.36","80.40","","-0.07%"
"2008-10-9","81.16","81.00","81.49","80.54","","0.31%"
"2008-10-10","83.00","81.40","83.19","81.29","","2.27%"
"2008-10-13","81.88","81.58","82.24","81.05","","-1.35%"
"2008-10-14","81.36","81.35","81.60","80.75","","-0.64%"
"2008-10-15","82.05","81.62","82.45","81.09","","0.85%"
"2008-10-16","82.45","82.32","82.84","82.00","","0.49%"
"2008-10-17","82.41","82.09","82.64","82.07","","-0.05%"
"2008-10-20","83.10","82.50","83.23","82.39","","0.84%"
"2008-10-21","83.99","83.11","84.46","82.95","","1.07%"
"2008-10-22","85.37","84.41","85.92","84.39","","1.64%"
"2008-10-23","85.36","85.94","86.12","84.70","","-0.01%"
"2008-10-24","86.44","84.98","86.97","84.98","","1.27%"
"2008-10-27","86.93","86.32","87.86","86.04","","0.57%"
"2008-10-28","87.03","87.25","87.88","86.10","","0.12%"
"2008-10-29","85.07","86.06","86.53","84.47","","-2.25%"
"2008-10-30","84.56","84.58","85.35","83.10","","-0.60%"
"2008-10-31","85.63","84.96","86.20","84.85","","1.27%"
"2008-11-3","86.35","85.81","86.63","84.90","","0.84%"
"2008-11-4","84.78","86.44","86.90","84.30","","-1.82%"
"2008-11-5","84.61","84.52","85.58","83.90","","-0.20%"
"2008-11-6","85.89","84.98","86.29","84.83","","1.51%"
"2008-11-7","85.91","86.24","86.35","85.34","","0.02%"
"2008-11-10","85.91","85.68","86.13","85.06","","0.00%"
"2008-11-11","87.08","85.92","87.28","85.69","","1.36%"
"2008-11-12","87.47","87.07","87.79","86.63","","0.45%"
"2008-11-13","86.94","87.63","88.15","86.13","","-0.61%"
"2008-11-14","86.36","86.34","87.45","86.34","","-0.67%"
"2008-11-17","86.81","87.57","87.79","86.49","","0.52%"
"2008-11-18","87.37","86.89","87.44","86.78","","0.65%"
"2008-11-19","87.31","87.09","87.89","86.14","","-0.07%"
"2008-11-20","87.97","87.75","88.34","87.42","","0.76%"
"2008-11-21","88.19","88.25","88.46","87.23","","0.25%"
"2008-11-24","86.08","87.61","87.72","85.68","","-2.39%"
"2008-11-25","85.00","85.77","86.43","84.71","","-1.25%"
"2008-11-26","85.67","84.96","86.11","84.90","","0.79%"
"2008-11-27","85.61","85.69","85.79","85.21","","-0.07%"
"2008-11-28","86.52","85.60","86.84","85.31","","1.06%"
"2008-12-1","86.72","86.42","87.32","86.42","","0.23%"
"2008-12-2","86.70","87.17","87.31","86.27","","-0.02%"
"2008-12-3","87.03","86.62","87.27","86.48","","0.38%"
"2008-12-4","86.44","86.73","87.70","86.09","","-0.68%"
"2008-12-5","87.12","86.61","87.49","86.40","","0.79%"
"2008-12-8","85.56","86.87","86.91","85.47","","-1.79%"
"2008-12-9","85.80","85.74","86.48","85.42","","0.28%"
"2008-12-10","85.47","85.73","85.96","85.18","","-0.38%"
"2008-12-11","83.66","85.43","85.49","83.28","","-2.12%"
"2008-12-12","83.71","83.80","84.03","83.21","","0.06%"
"2008-12-15","82.10","83.69","83.69","81.97","","-1.92%"
"2008-12-16","80.20","82.11","82.35","79.80","","-2.31%"
"2008-12-17","78.58","80.16","80.44","78.47","","-2.02%"
"2008-12-18","79.70","78.57","80.09","77.69","","1.43%"
"2008-12-19","81.07","79.57","81.62","79.44","","1.72%"
"2008-12-22","81.19","80.97","81.42","80.35","","0.15%"
"2008-12-23","81.44","81.15","81.49","80.86","","0.31%"
"2008-12-24","81.00","81.33","81.38","80.96","","-0.54%"
"2008-12-25","80.72","81.06","81.18","80.50","","-0.35%"
"2008-12-26","80.97","81.03","81.17","80.68","","0.31%"
"2008-12-29","81.43","80.92","81.56","79.63","","0.57%"
"2008-12-30","80.63","80.96","81.20","80.31","","-0.98%"
"2008-12-31","81.15","80.58","81.76","80.57","","0.64%"
"2009-1-1","81.10","81.18","81.33","80.85","","-0.06%"
"2009-1-2","81.50","81.01","81.92","80.91","","0.49%"
"2009-1-5","82.58","81.54","83.17","81.34","","1.33%"
"2009-1-6","82.83","82.60","84.02","82.42","","0.30%"
"2009-1-7","82.10","82.92","83.27","81.63","","-0.88%"
"2009-1-8","81.57","82.42","82.66","81.18","","-0.65%"
"2009-1-9","82.48","81.64","82.76","81.35","","1.12%"
"2009-1-12","83.25","83.17","83.31","83.17","","0.93%"
"2009-1-13","84.26","83.28","84.45","83.25","","1.21%"
"2009-1-14","84.36","84.10","84.64","83.46","","0.12%"
"2009-1-15","84.53","84.27","85.14","84.04","","0.20%"
"2009-1-16","84.05","84.38","84.55","83.45","","-0.57%"
"2009-1-19","85.14","83.74","85.21","83.45","","1.30%"
"2009-1-20","86.38","84.99","86.41","84.99","","1.46%"
"2009-1-21","85.32","86.31","86.50","85.17","","-1.23%"
"2009-1-22","85.48","85.66","86.11","85.22","","0.19%"
"2009-1-23","85.58","85.57","86.81","85.31","","0.12%"
"2009-1-26","84.39","85.58","86.28","84.19","","-1.39%"
"2009-1-27","84.40","84.67","84.77","83.72","","0.01%"
"2009-1-28","84.59","84.25","84.87","83.57","","0.23%"
"2009-1-29","85.49","84.62","85.50","84.27","","1.06%"
"2009-1-30","85.83","85.50","86.13","85.46","","0.40%"
"2009-2-2","86.11","86.08","86.55","85.74","","0.33%"
"2009-2-3","85.00","86.10","86.25","84.77","","-1.29%"
"2009-2-4","85.77","85.17","85.92","84.75","","0.91%"
"2009-2-5","86.06","85.76","86.12","85.39","","0.34%"
"2009-2-6","85.29","85.94","86.30","85.10","","-0.89%"
"2009-2-9","84.88","85.19","85.61","84.47","","-0.48%"
"2009-2-10","85.57","85.05","85.96","84.73","","0.81%"
"2009-2-11","85.84","85.51","86.15","85.29","","0.32%"
"2009-2-12","85.94","85.92","86.73","85.52","","0.12%"
"2009-2-13","86.09","85.94","86.22","85.62","","0.17%"
"2009-2-16","86.53","86.49","86.87","86.34","","0.51%"
"2009-2-17","87.77","86.58","87.86","86.52","","1.43%"
"2009-2-18","88.03","87.67","88.25","87.48","","0.30%"
"2009-2-19","87.44","87.93","87.93","86.94","","-0.67%"
"2009-2-20","86.59","87.51","88.13","86.23","","-0.97%"
"2009-2-23","87.26","86.79","87.37","85.63","","0.77%"
"2009-2-24","86.78","87.43","87.64","86.76","","-0.55%"
"2009-2-25","87.84","86.82","88.04","86.58","","1.22%"
"2009-2-26","87.84","87.82","88.09","87.31","","0.00%"
"2009-2-27","88.17","87.84","88.49","87.68","","0.38%"
"2009-3-2","89.03","88.58","89.03","88.41","","0.98%"
"2009-3-3","89.19","88.89","89.33","88.34","","0.18%"
"2009-3-4","88.49","89.18","89.62","88.41","","-0.78%"
"2009-3-5","89.08","88.60","89.49","88.59","","0.67%"
"2009-3-6","88.55","89.02","89.09","87.88","","-0.59%"
"2009-3-9","89.29","88.52","89.46","88.12","","0.84%"
"2009-3-10","88.52","89.30","89.31","87.83","","-0.86%"
"2009-3-11","87.67","88.52","89.01","87.55","","-0.96%"
"2009-3-12","87.48","87.67","88.55","87.19","","-0.22%"
"2009-3-13","87.25","87.41","87.67","87.18","","-0.26%"
"2009-3-16","86.97","87.48","87.77","86.46","","-0.32%"
"2009-3-17","86.81","87.03","87.35","86.73","","-0.18%"
"2009-3-18","84.19","86.79","87.10","83.96","","-3.02%"
"2009-3-19","83.07","84.19","84.60","82.63","","-1.33%"
"2009-3-20","83.71","83.16","84.04","82.76","","0.77%"
"2009-3-23","83.47","83.49","84.17","82.89","","-0.29%"
"2009-3-24","84.10","83.46","84.30","83.20","","0.75%"
"2009-3-25","83.70","84.08","84.37","83.21","","-0.48%"
"2009-3-26","84.08","83.68","84.26","83.45","","0.45%"
"2009-3-27","85.14","84.10","85.35","83.70","","1.26%"
"2009-3-30","85.75","85.50","86.12","85.23","","0.72%"
"2009-3-31","85.51","85.75","85.81","85.09","","-0.28%"
"2009-4-1","85.42","85.53","85.99","85.35","","-0.11%"
"2009-4-2","84.32","85.39","85.43","84.05","","-1.29%"
"2009-4-3","84.18","84.35","84.76","84.12","","-0.17%"
"2009-4-6","84.75","84.05","84.92","83.73","","0.68%"
"2009-4-7","85.22","84.97","85.50","84.67","","0.55%"
"2009-4-8","85.23","85.23","85.77","85.00","","0.01%"
"2009-4-9","85.64","85.31","85.90","84.93","","0.48%"
"2009-4-10","85.54","85.86","86.00","85.52","","-0.12%"
"2009-4-13","84.61","85.56","85.86","84.45","","-1.09%"
"2009-4-14","84.80","84.58","85.06","84.50","","0.22%"
"2009-4-15","84.93","84.78","85.34","84.58","","0.15%"
"2009-4-16","85.20","84.95","85.47","84.66","","0.32%"
"2009-4-17","85.90","85.48","86.03","85.41","","0.82%"
"2009-4-20","86.66","85.89","86.87","85.87","","0.88%"
"2009-4-21","86.50","86.70","86.85","86.25","","-0.18%"
"2009-4-22","86.30","86.48","86.76","86.09","","-0.23%"
"2009-4-23","85.40","86.29","86.38","85.29","","-1.04%"
"2009-4-24","84.72","85.46","85.54","84.46","","-0.80%"
"2009-4-27","85.67","84.73","85.84","84.72","","1.12%"
"2009-4-28","85.17","85.61","86.01","85.03","","-0.58%"
"2009-4-29","84.64","85.22","85.28","84.17","","-0.62%"
"2009-4-30","84.82","84.63","84.95","83.89","","0.21%"
"2009-5-1","84.54","84.72","84.81","84.29","","-0.33%"
"2009-5-4","83.66","84.47","84.87","83.60","","-1.04%"
"2009-5-5","84.14","83.69","84.31","83.50","","0.57%"
"2009-5-6","84.00","84.22","84.41","83.76","","-0.17%"
"2009-5-7","83.88","84.02","84.35","83.42","","-0.14%"
"2009-5-8","82.44","83.81","84.09","82.39","","-1.72%"
"2009-5-11","82.84","82.42","82.86","82.29","","0.49%"
"2009-5-12","82.30","82.74","82.87","82.00","","-0.65%"
"2009-5-13","82.57","82.08","82.74","81.87","","0.33%"
"2009-5-14","82.44","82.71","82.88","82.22","","-0.16%"
"2009-5-15","82.95","82.43","83.10","82.29","","0.62%"
"2009-5-18","82.54","82.96","83.22","82.50","","-0.49%"
"2009-5-19","82.10","82.56","82.68","81.90","","-0.53%"
"2009-5-20","81.19","82.02","82.25","80.91","","-1.11%"
"2009-5-21","80.47","81.07","81.42","80.37","","-0.89%"
"2009-5-22","80.04","80.32","80.46","79.81","","-0.53%"
"2009-5-25","80.02","79.91","80.31","79.86","","-0.02%"
"2009-5-26","80.09","80.07","80.78","80.01","","0.09%"
"2009-5-27","80.76","80.06","80.82","79.96","","0.84%"
"2009-5-28","80.53","80.81","81.13","80.28","","-0.28%"
"2009-5-29","79.23","80.50","80.50","79.18","","-1.61%"
"2009-6-1","79.18","79.35","79.46","78.59","","-0.06%"
"2009-6-2","78.48","79.11","79.48","78.33","","-0.88%"
"2009-6-3","79.49","78.50","79.63","78.34","","1.29%"
"2009-6-4","79.47","79.46","79.95","79.02","","-0.03%"
"2009-6-5","80.67","79.43","80.82","79.16","","1.51%"
"2009-6-8","80.83","80.80","81.47","80.52","","0.20%"
"2009-6-9","79.84","80.72","81.06","79.65","","-1.22%"
"2009-6-10","80.27","79.91","80.64","79.44","","0.54%"
"2009-6-11","79.56","80.20","80.40","79.19","","-0.88%"
"2009-6-12","80.13","79.42","80.52","79.41","","0.72%"
"2009-6-15","81.16","80.27","81.37","80.19","","1.29%"
"2009-6-16","80.74","81.18","81.34","80.33","","-0.52%"
"2009-6-17","80.26","80.84","80.95","80.06","","-0.59%"
"2009-6-18","80.57","80.17","80.78","80.07","","0.39%"
"2009-6-19","80.33","80.58","80.74","79.97","","-0.30%"
"2009-6-22","80.84","80.27","80.93","80.27","","0.63%"
"2009-6-23","79.85","80.87","80.94","79.70","","-1.22%"
"2009-6-24","80.54","79.90","80.75","79.56","","0.86%"
"2009-6-25","80.37","80.48","80.91","80.25","","-0.21%"
"2009-6-26","79.90","80.27","80.27","79.61","","-0.58%"
"2009-6-29","79.91","79.87","80.29","79.76","","0.01%"
"2009-6-30","80.16","79.75","80.33","79.43","","0.31%"
"2009-7-1","79.67","80.12","80.40","79.35","","-0.61%"
"2009-7-2","80.15","79.66","80.61","79.60","","0.60%"
"2009-7-3","80.45","80.50","80.50","80.16","","0.37%"
"2009-7-6","80.38","80.52","80.89","80.27","","-0.09%"
"2009-7-7","80.70","80.30","80.73","80.08","","0.40%"
"2009-7-8","80.63","80.82","80.89","80.52","","-0.09%"
"2009-7-9","79.86","80.70","80.72","79.69","","-0.95%"
"2009-7-10","80.23","79.98","80.52","79.97","","0.46%"
"2009-7-13","80.13","80.24","80.50","80.00","","-0.12%"
"2009-7-14","80.18","80.00","80.30","79.88","","0.06%"
"2009-7-15","79.32","80.02","80.04","79.29","","-1.07%"
"2009-7-16","79.22","79.46","79.63","79.13","","-0.13%"
"2009-7-17","79.35","79.30","79.66","79.28","","0.16%"
"2009-7-20","78.91","79.35","79.39","78.80","","-0.55%"
"2009-7-21","78.93","78.90","79.08","78.59","","0.03%"
"2009-7-22","78.71","78.89","79.07","78.56","","-0.28%"
"2009-7-23","78.80","78.81","79.16","78.42","","0.11%"
"2009-7-24","78.75","78.97","79.09","78.60","","-0.06%"
"2009-7-27","78.63","78.73","78.98","78.40","","-0.15%"
"2009-7-28","78.85","78.62","79.07","78.31","","0.28%"
"2009-7-29","79.63","78.99","79.66","78.76","","0.99%"
"2009-7-30","79.28","79.60","79.61","79.17","","-0.44%"
"2009-7-31","78.35","79.24","79.26","78.22","","-1.17%"
"2009-8-3","77.64","78.25","78.49","77.45","","-0.91%"
"2009-8-4","77.77","77.58","77.81","77.47","","0.17%"
"2009-8-5","77.52","77.62","77.85","77.43","","-0.32%"
"2009-8-6","78.06","77.59","78.14","77.51","","0.70%"
"2009-8-7","78.97","77.97","79.07","77.81","","1.17%"
"2009-8-10","79.26","78.98","79.39","78.73","","0.37%"
"2009-8-11","79.18","79.24","79.36","79.01","","-0.10%"
"2009-8-12","78.79","79.16","79.39","78.62","","-0.49%"
"2009-8-13","78.49","78.80","78.82","78.23","","-0.38%"
"2009-8-14","78.89","78.41","78.92","78.23","","0.51%"
"2009-8-17","79.29","78.90","79.51","78.87","","0.51%"
"2009-8-18","78.94","79.28","79.35","78.89","","-0.44%"
"2009-8-19","78.47","78.92","79.22","78.34","","-0.60%"
"2009-8-20","78.38","78.45","78.67","78.30","","-0.11%"
"2009-8-21","78.04","78.36","78.58","77.75","","-0.43%"
"2009-8-24","78.27","78.00","78.34","77.95","","0.29%"
"2009-8-25","78.24","78.25","78.42","77.93","","-0.04%"
"2009-8-26","78.66","78.31","78.83","78.11","","0.54%"
"2009-8-27","78.01","78.67","78.73","77.85","","-0.83%"
"2009-8-28","78.37","78.03","78.39","77.87","","0.46%"
"2009-8-31","78.17","78.27","78.59","78.00","","-0.26%"
"2009-9-1","78.76","78.11","78.94","77.94","","0.75%"
"2009-9-2","78.38","78.78","78.84","78.27","","-0.48%"
"2009-9-3","78.47","78.37","78.54","78.00","","0.11%"
"2009-9-4","78.14","78.43","78.70","78.02","","-0.42%"
"2009-9-7","78.02","78.13","78.12","77.86","","-0.15%"
"2009-9-8","77.32","78.00","78.02","77.05","","-0.90%"
"2009-9-9","77.09","77.23","77.45","76.80","","-0.30%"
"2009-9-10","76.82","77.04","77.24","76.70","","-0.35%"
"2009-9-11","76.61","76.81","76.85","76.46","","-0.27%"
"2009-9-14","76.69","76.58","77.08","76.52","","0.10%"
"2009-9-15","76.54","76.59","77.06","76.41","","-0.20%"
"2009-9-16","76.24","76.47","76.57","76.15","","-0.39%"
"2009-9-17","76.19","76.26","76.41","76.01","","-0.07%"
"2009-9-18","76.42","76.27","76.72","76.25","","0.30%"
"2009-9-21","76.78","76.58","77.11","76.45","","0.47%"
"2009-9-22","76.12","76.73","76.73","76.00","","-0.86%"
"2009-9-23","76.05","75.98","76.58","75.83","","-0.09%"
"2009-9-24","76.90","76.40","77.05","76.09","","1.12%"
"2009-9-25","76.81","77.03","77.07","76.49","","-0.12%"
"2009-9-28","77.05","76.63","77.25","76.56","","0.31%"
"2009-9-29","77.12","76.93","77.33","76.80","","0.09%"
"2009-9-30","76.65","77.02","77.07","76.49","","-0.61%"
"2009-10-1","77.19","76.65","77.27","76.59","","0.70%"
"2009-10-2","77.00","77.23","77.47","76.68","","-0.25%"
"2009-10-5","76.64","76.94","76.99","76.61","","-0.47%"
"2009-10-6","76.33","76.66","76.68","76.10","","-0.40%"
"2009-10-7","76.49","76.24","76.63","76.12","","0.21%"
"2009-10-8","75.97","76.30","76.33","75.77","","-0.68%"
"2009-10-9","76.43","75.99","76.56","75.97","","0.61%"
"2009-10-12","76.13","76.35","76.67","76.02","","-0.39%"
"2009-10-13","75.98","76.07","76.29","75.74","","-0.20%"
"2009-10-14","75.55","75.86","75.88","75.34","","-0.57%"
"2009-10-15","75.48","75.40","75.77","75.21","","-0.09%"
"2009-10-16","75.60","75.39","75.90","75.30","","0.16%"
"2009-10-19","75.51","75.67","75.91","75.18","","-0.12%"
"2009-10-20","75.56","75.27","75.76","75.10","","0.07%"
"2009-10-21","74.97","75.55","75.72","74.94","","-0.78%"
"2009-10-22","75.09","75.08","75.52","75.01","","0.16%"
"2009-10-23","75.47","75.07","75.52","74.95","","0.51%"
"2009-10-26","76.06","75.42","76.12","75.20","","0.78%"
"2009-10-27","76.14","76.08","76.33","75.76","","0.11%"
"2009-10-28","76.42","76.09","76.56","75.99","","0.37%"
"2009-10-29","75.92","76.44","76.58","75.86","","-0.65%"
"2009-10-30","76.30","75.92","76.43","75.83","","0.50%"
"2009-11-2","76.29","76.37","76.41","75.93","","-0.01%"
"2009-11-3","76.39","76.10","76.82","76.07","","0.13%"
"2009-11-4","75.64","76.37","76.40","75.60","","-0.98%"
"2009-11-5","75.74","75.88","75.98","75.51","","0.13%"
"2009-11-6","75.82","75.76","75.97","75.50","","0.11%"
"2009-11-9","75.03","75.59","75.72","74.93","","-1.04%"
"2009-11-10","75.02","75.00","75.27","74.95","","-0.01%"
"2009-11-11","75.16","74.93","75.22","74.77","","0.19%"
"2009-11-12","75.60","75.06","75.77","74.93","","0.59%"
"2009-11-13","75.33","75.57","75.66","75.14","","-0.36%"
"2009-11-16","74.91","75.07","75.31","74.68","","-0.56%"
"2009-11-17","75.37","74.81","75.62","74.78","","0.61%"
"2009-11-18","75.19","75.24","75.33","74.90","","-0.24%"
"2009-11-19","75.29","75.11","75.55","75.09","","0.13%"
"2009-11-20","75.66","75.24","75.88","75.20","","0.49%"
"2009-11-23","75.08","75.58","75.58","74.95","","-0.77%"
"2009-11-24","75.07","75.19","75.45","75.00","","-0.01%"
"2009-11-25","74.27","75.04","75.11","74.23","","-1.07%"
"2009-11-26","74.83","74.32","75.01","74.17","","0.75%"
"2009-11-27","75.00","74.78","75.58","74.75","","0.23%"
"2009-11-30","74.78","74.80","74.96","74.49","","-0.29%"
"2009-12-1","74.36","74.71","75.09","74.27","","-0.56%"
"2009-12-2","74.67","74.41","74.67","74.36","","0.42%"
"2009-12-3","74.63","74.53","74.86","74.33","","-0.05%"
"2009-12-4","75.91","74.78","75.94","74.60","","1.72%"
"2009-12-7","75.77","75.76","76.18","75.45","","-0.18%"
"2009-12-8","76.31","75.75","76.31","75.51","","0.71%"
"2009-12-9","76.04","76.28","76.33","75.83","","-0.35%"
"2009-12-10","76.05","75.98","76.21","75.86","","0.01%"
"2009-12-11","76.57","76.02","76.73","75.90","","0.68%"
"2009-12-14","76.35","76.57","76.58","76.25","","-0.29%"
"2009-12-15","76.96","76.34","77.09","76.33","","0.80%"
"2009-12-16","77.00","76.94","77.04","76.60","","0.05%"
"2009-12-17","77.69","76.95","77.94","76.91","","0.90%"
"2009-12-18","77.82","77.73","78.14","77.38","","0.17%"
"2009-12-21","78.04","77.85","78.14","77.59","","0.28%"
"2009-12-22","78.25","78.04","78.45","77.85","","0.27%"
"2009-12-23","77.90","78.25","78.36","77.74","","-0.45%"
"2009-12-24","77.84","77.89","77.92","77.50","","-0.08%"
"2009-12-25","77.64","77.72","77.80","77.52","","-0.26%"
"2009-12-28","77.63","77.64","77.86","77.54","","-0.01%"
"2009-12-29","77.83","77.70","77.93","77.33","","0.26%"
"2009-12-30","77.91","77.88","78.22","77.80","","0.10%"
"2009-12-31","77.86","77.89","78.02","77.41","","-0.06%"
"2010-1-4","77.53","77.92","78.19","77.26","","-0.42%"
"2010-1-5","77.62","77.37","77.71","77.09","","0.12%"
"2010-1-6","77.49","77.65","78.00","77.36","","-0.17%"
"2010-1-7","77.91","77.37","78.08","77.30","","0.54%"
"2010-1-8","77.47","77.98","78.19","77.35","","-0.56%"
"2010-1-11","77.00","77.21","77.23","76.79","","-0.61%"
"2010-1-12","76.95","77.09","77.31","76.76","","-0.06%"
"2010-1-13","76.85","77.12","77.16","76.60","","-0.13%"
"2010-1-14","76.73","76.79","77.02","76.67","","-0.16%"
"2010-1-15","77.32","76.78","77.41","76.76","","0.77%"
"2010-1-18","77.06","77.36","77.39","77.04","","-0.34%"
"2010-1-19","77.50","76.98","77.69","76.94","","0.57%"
"2010-1-20","78.34","77.58","78.45","77.51","","1.08%"
"2010-1-21","78.32","78.27","78.81","78.13","","-0.03%"
"2010-1-22","78.28","78.39","78.53","78.04","","-0.05%"
"2010-1-25","78.19","78.23","78.34","78.03","","-0.11%"
"2010-1-26","78.43","78.17","78.64","78.08","","0.31%"
"2010-1-27","78.67","78.55","78.85","78.37","","0.31%"
"2010-1-28","78.90","78.66","79.07","78.54","","0.29%"
"2010-1-29","79.46","78.99","79.50","78.85","","0.71%"
"2010-2-1","79.24","79.46","79.53","79.16","","-0.28%"
"2010-2-2","79.01","79.23","79.41","78.97","","-0.29%"
"2010-2-3","79.37","78.98","79.46","78.68","","0.46%"
"2010-2-4","79.92","79.35","80.02","79.34","","0.69%"
"2010-2-5","80.44","79.98","80.68","79.94","","0.65%"
"2010-2-8","80.30","80.35","80.52","80.09","","-0.17%"
"2010-2-9","79.86","80.34","80.43","79.56","","-0.55%"
"2010-2-10","80.03","79.81","80.31","79.66","","0.21%"
"2010-2-11","79.99","79.94","80.50","79.71","","-0.05%"
"2010-2-12","80.32","80.02","80.75","79.99","","0.41%"
"2010-2-15","80.33","80.36","80.52","80.20","","0.01%"
"2010-2-16","79.70","80.39","80.42","79.59","","-0.78%"
"2010-2-17","80.38","79.64","80.53","79.56","","0.85%"
"2010-2-18","80.40","80.45","81.25","80.19","","0.02%"
"2010-2-19","80.64","81.25","81.34","80.51","","0.30%"
"2010-2-22","80.51","80.43","80.67","80.36","","-0.16%"
"2010-2-23","80.85","80.51","80.99","80.09","","0.42%"
"2010-2-24","80.85","80.89","80.94","80.36","","0.00%"
"2010-2-25","80.79","80.78","81.13","80.66","","-0.07%"
"2010-2-26","80.36","80.77","80.85","80.12","","-0.53%"
"2010-3-1","80.66","80.42","81.26","80.29","","0.37%"
"2010-3-2","80.52","80.76","81.29","80.38","","-0.17%"
"2010-3-3","79.98","80.35","80.56","79.82","","-0.67%"
"2010-3-4","80.56","80.05","80.67","79.94","","0.73%"
"2010-3-5","80.43","80.53","80.89","80.40","","-0.16%"
"2010-3-8","80.43","80.42","80.55","80.08","","0.00%"
"2010-3-9","80.59","80.51","80.86","80.41","","0.20%"
"2010-3-10","80.44","80.55","80.86","80.31","","-0.19%"
"2010-3-11","80.32","80.46","80.57","80.24","","-0.15%"
"2010-3-12","79.83","80.27","80.33","79.69","","-0.61%"
"2010-3-15","80.25","79.78","80.41","79.78","","0.53%"
"2010-3-16","79.75","80.22","80.33","79.63","","-0.62%"
"2010-3-17","79.64","79.71","79.83","79.51","","-0.14%"
"2010-3-18","80.22","79.75","80.44","79.73","","0.73%"
"2010-3-19","80.72","80.29","80.89","80.23","","0.62%"
"2010-3-22","80.65","80.85","81.08","80.52","","-0.09%"
"2010-3-23","80.90","80.57","81.03","80.55","","0.31%"
"2010-3-24","81.84","80.94","82.03","80.89","","1.16%"
"2010-3-25","82.12","81.85","82.24","81.60","","0.34%"
"2010-3-26","81.68","82.02","82.05","81.56","","-0.54%"
"2010-3-29","81.36","81.46","81.62","81.16","","-0.39%"
"2010-3-30","81.47","81.25","81.56","81.00","","0.14%"
"2010-3-31","81.07","81.46","81.70","80.89","","-0.49%"
"2010-4-1","80.78","81.04","81.25","80.68","","-0.36%"
"2010-4-2","81.29","80.70","81.32","80.69","","0.63%"
"2010-4-5","81.09","81.19","81.30","80.92","","-0.25%"
"2010-4-6","81.39","81.07","81.64","81.04","","0.37%"
"2010-4-7","81.44","81.32","81.72","81.31","","0.06%"
"2010-4-8","81.53","81.64","81.91","81.45","","0.11%"
"2010-4-9","81.09","81.49","81.58","80.87","","-0.54%"
"2010-4-12","80.56","80.39","80.69","80.08","","-0.65%"
"2010-4-13","80.51","80.55","80.75","80.27","","-0.06%"
"2010-4-14","80.19","80.42","80.49","80.03","","-0.40%"
"2010-4-15","80.48","80.19","80.75","80.15","","0.36%"
"2010-4-16","80.82","80.52","80.91","80.47","","0.42%"
"2010-4-19","81.00","80.96","81.28","80.91","","0.22%"
"2010-4-20","81.05","80.92","81.13","80.76","","0.06%"
"2010-4-21","81.16","81.12","81.33","80.96","","0.14%"
"2010-4-22","81.57","81.23","81.78","81.04","","0.51%"
"2010-4-23","81.35","82.02","82.07","81.32","","-0.27%"
"2010-4-26","81.48","81.47","81.71","81.17","","0.16%"
"2010-4-27","82.15","81.18","82.44","81.17","","0.82%"
"2010-4-28","82.38","82.29","82.71","82.02","","0.28%"
"2010-4-29","82.00","82.27","82.38","81.88","","-0.46%"
"2010-4-30","81.87","81.90","82.09","81.63","","-0.16%"
"2010-5-3","82.27","81.84","82.56","81.83","","0.49%"
"2010-5-4","83.30","82.36","83.53","82.29","","1.25%"
"2010-5-5","84.08","83.45","84.31","83.36","","0.94%"
"2010-5-6","84.89","84.16","85.27","83.92","","0.96%"
"2010-5-7","84.45","84.88","85.14","84.32","","-0.52%"
"2010-5-10","84.16","83.62","84.38","82.91","","-0.34%"
"2010-5-11","84.47","84.39","84.78","84.14","","0.37%"
"2010-5-12","84.83","84.71","84.93","84.20","","0.43%"
"2010-5-13","85.21","84.80","85.46","84.55","","0.45%"
"2010-5-14","86.09","85.36","86.29","85.20","","1.03%"
"2010-5-17","86.20","86.31","87.06","86.05","","0.13%"
"2010-5-18","87.16","86.22","87.38","85.91","","1.11%"
"2010-5-19","86.39","87.26","87.46","86.06","","-0.88%"
"2010-5-20","85.56","86.29","86.80","85.40","","-0.96%"
"2010-5-21","85.37","85.90","85.98","85.13","","-0.22%"
"2010-5-24","86.21","85.76","86.57","85.62","","0.98%"
"2010-5-25","86.78","86.47","87.45","86.33","","0.66%"
"2010-5-26","87.12","86.53","87.39","86.50","","0.39%"
"2010-5-27","86.19","87.30","87.31","86.10","","-1.07%"
"2010-5-28","86.48","86.35","86.80","85.85","","0.34%"
"2010-5-31","86.59","86.73","86.73","86.43","","0.13%"
"2010-6-1","86.64","86.58","87.47","86.16","","0.06%"
"2010-6-2","86.79","86.68","87.18","86.62","","0.17%"
"2010-6-3","87.14","86.82","87.27","86.30","","0.40%"
"2010-6-4","88.23","87.22","88.34","86.90","","1.25%"
"2010-6-7","88.41","88.41","88.71","88.16","","0.20%"
"2010-6-8","88.39","88.45","88.59","87.96","","-0.02%"
"2010-6-9","87.90","88.14","88.39","87.41","","-0.55%"
"2010-6-10","87.17","87.90","88.06","86.95","","-0.83%"
"2010-6-11","87.51","87.10","87.65","86.94","","0.39%"
"2010-6-14","86.51","86.80","87.02","86.18","","-1.14%"
"2010-6-15","85.98","86.71","86.89","85.91","","-0.61%"
"2010-6-16","86.08","86.09","86.39","85.92","","0.12%"
"2010-6-17","85.69","86.15","86.53","85.52","","-0.45%"
"2010-6-18","85.70","85.70","85.77","85.45","","0.01%"
"2010-6-21","85.93","85.25","86.04","85.09","","0.27%"
"2010-6-22","86.11","85.94","86.26","85.75","","0.21%"
"2010-6-23","85.74","86.06","86.42","85.65","","-0.43%"
"2010-6-24","85.73","85.80","86.00","85.41","","-0.01%"
"2010-6-25","85.31","85.73","86.12","85.25","","-0.49%"
"2010-6-28","85.65","85.29","85.79","85.22","","0.40%"
"2010-6-29","86.03","85.71","86.30","85.63","","0.44%"
"2010-6-30","86.02","86.13","86.27","85.60","","-0.01%"
"2010-7-1","84.72","86.10","86.26","84.42","","-1.51%"
"2010-7-2","84.43","84.61","84.77","84.13","","-0.34%"
"2010-7-5","84.61","84.40","84.72","84.39","","0.21%"
"2010-7-6","84.08","84.59","84.83","83.83","","-0.63%"
"2010-7-7","83.82","84.11","84.38","83.75","","-0.31%"
"2010-7-8","83.82","83.96","84.02","83.66","","0.00%"
"2010-7-9","83.95","83.77","84.11","83.62","","0.16%"
"2010-7-12","84.20","83.98","84.45","83.95","","0.30%"
"2010-7-13","83.64","84.23","84.56","83.38","","-0.67%"
"2010-7-14","83.43","83.58","83.70","83.20","","-0.25%"
"2010-7-15","82.56","83.37","83.51","82.28","","-1.04%"
"2010-7-16","82.49","82.42","82.61","82.08","","-0.08%"
"2010-7-19","82.51","82.72","82.81","82.28","","0.02%"
"2010-7-20","82.75","82.61","83.07","82.18","","0.29%"
"2010-7-21","83.39","82.71","83.45","82.56","","0.77%"
"2010-7-22","82.59","83.25","83.36","82.46","","-0.96%"
"2010-7-23","82.46","82.58","83.03","82.21","","-0.16%"
"2010-7-26","82.09","82.62","82.63","81.99","","-0.45%"
"2010-7-27","82.19","82.05","82.38","81.82","","0.12%"
"2010-7-28","82.18","82.16","82.29","81.94","","-0.01%"
"2010-7-29","81.64","82.10","82.16","81.49","","-0.66%"
"2010-7-30","81.54","81.61","81.98","81.46","","-0.12%"
"2010-8-2","80.94","81.50","81.55","80.79","","-0.74%"
"2010-8-3","80.60","80.91","81.04","80.47","","-0.42%"
"2010-8-4","80.89","80.62","81.11","80.51","","0.36%"
"2010-8-5","80.83","80.97","81.13","80.53","","-0.07%"
"2010-8-6","80.41","80.78","80.94","80.08","","-0.52%"
"2010-8-9","80.71","80.32","80.74","80.27","","0.37%"
"2010-8-10","80.80","80.74","81.53","80.64","","0.11%"
"2010-8-11","82.29","80.89","82.53","80.86","","1.84%"
"2010-8-12","82.64","82.46","82.79","82.11","","0.43%"
"2010-8-13","82.95","82.58","82.96","82.18","","0.38%"
"2010-8-16","82.53","82.90","83.02","82.24","","-0.51%"
"2010-8-17","82.23","82.43","82.52","82.01","","-0.36%"
"2010-8-18","82.22","82.26","82.51","81.91","","-0.01%"
"2010-8-19","82.45","82.31","82.72","82.00","","0.28%"
"2010-8-20","83.06","82.53","83.30","82.42","","0.74%"
"2010-8-23","83.12","83.07","83.28","82.84","","0.07%"
"2010-8-24","83.15","83.33","83.56","82.86","","0.04%"
"2010-8-25","83.26","83.33","83.52","82.94","","0.13%"
"2010-8-26","82.93","83.18","83.26","82.62","","-0.40%"
"2010-8-27","82.92","82.94","83.17","82.66","","-0.01%"
"2010-8-30","83.16","82.81","83.20","82.75","","0.29%"
"2010-8-31","83.20","83.17","83.34","82.88","","0.05%"
"2010-9-1","82.52","83.09","83.22","82.19","","-0.82%"
"2010-9-2","82.46","82.48","82.60","82.29","","-0.07%"
"2010-9-3","82.10","82.39","82.53","81.99","","-0.44%"
"2010-9-6","82.04","82.04","82.14","81.88","","-0.07%"
"2010-9-7","82.82","82.12","82.92","82.12","","0.95%"
"2010-9-8","82.58","82.91","82.92","82.38","","-0.29%"
"2010-9-9","82.67","82.55","82.83","82.34","","0.11%"
"2010-9-10","82.70","82.72","82.99","82.44","","0.04%"
"2010-9-13","81.91","82.47","82.48","81.76","","-0.96%"
"2010-9-14","81.08","81.91","82.03","81.00","","-1.01%"
"2010-9-15","81.49","81.21","81.77","81.09","","0.51%"
"2010-9-16","81.24","81.47","81.60","81.07","","-0.31%"
"2010-9-17","81.40","81.27","81.52","80.86","","0.20%"
"2010-9-20","81.33","81.41","81.50","81.05","","-0.09%"
"2010-9-21","80.44","81.31","81.32","80.27","","-1.09%"
"2010-9-22","79.83","80.40","80.41","79.56","","-0.76%"
"2010-9-23","80.01","79.83","80.18","79.72","","0.23%"
"2010-9-24","79.39","80.12","80.26","79.25","","-0.77%"
"2010-9-27","79.34","79.33","79.58","79.19","","-0.06%"
"2010-9-28","79.01","79.56","79.82","78.86","","-0.42%"
"2010-9-29","78.69","78.91","79.00","78.62","","-0.41%"
"2010-9-30","78.72","78.79","79.02","78.41","","0.04%"
"2010-10-1","78.09","78.80","78.83","78.03","","-0.80%"
"2010-10-4","78.45","78.12","78.52","78.08","","0.46%"
"2010-10-5","77.75","78.52","78.69","77.70","","-0.89%"
"2010-10-6","77.39","77.82","77.92","77.30","","-0.46%"
"2010-10-7","77.39","77.49","77.68","76.91","","0.00%"
"2010-10-8","77.33","77.45","77.76","77.14","","-0.08%"
"2010-10-11","77.44","77.18","77.56","76.97","","0.14%"
"2010-10-12","77.36","77.53","77.93","77.25","","-0.10%"
"2010-10-13","77.07","77.34","77.35","76.97","","-0.37%"
"2010-10-14","76.65","77.02","77.03","76.26","","-0.54%"
"2010-10-15","77.04","76.64","77.13","76.14","","0.51%"
"2010-10-18","76.93","77.03","77.64","76.82","","-0.14%"
"2010-10-19","78.18","77.11","78.31","76.92","","1.62%"
"2010-10-20","77.17","78.23","78.36","77.06","","-1.29%"
"2010-10-21","77.42","77.16","77.61","76.84","","0.32%"
"2010-10-22","77.47","77.48","77.75","77.21","","0.06%"
"2010-10-25","77.10","77.28","77.36","76.71","","-0.48%"
"2010-10-26","77.71","77.36","77.82","77.04","","0.79%"
"2010-10-27","78.15","77.62","78.27","77.56","","0.57%"
"2010-10-28","77.31","78.04","78.04","77.17","","-1.07%"
"2010-10-29","77.27","77.27","77.76","77.03","","-0.05%"
"2010-11-1","77.30","76.97","77.42","76.77","","0.04%"
"2010-11-2","76.72","77.20","77.31","76.64","","-0.75%"
"2010-11-3","76.48","76.70","76.98","76.22","","-0.31%"
"2010-11-4","75.88","76.38","76.50","75.63","","-0.78%"
"2010-11-5","76.55","75.87","76.64","75.82","","0.88%"
"2010-11-8","77.03","76.55","77.16","76.38","","0.63%"
"2010-11-9","77.44","77.28","77.87","76.71","","0.53%"
"2010-11-10","77.63","77.69","78.17","77.49","","0.25%"
"2010-11-11","78.22","77.63","78.29","77.44","","0.76%"
"2010-11-12","78.08","78.23","78.48","77.70","","-0.18%"
"2010-11-15","78.52","78.13","78.71","77.88","","0.56%"
"2010-11-16","79.21","78.71","79.46","78.30","","0.88%"
"2010-11-17","79.08","79.29","79.37","78.86","","-0.16%"
"2010-11-18","78.62","78.96","79.01","78.43","","-0.58%"
"2010-11-19","78.50","78.51","78.72","78.16","","-0.15%"
"2010-11-22","78.68","78.31","78.88","77.97","","0.23%"
"2010-11-23","79.68","78.70","79.74","78.68","","1.27%"
"2010-11-24","79.87","79.66","80.00","79.39","","0.24%"
"2010-11-25","79.87","79.74","80.00","79.56","","0.00%"
"2010-11-26","80.36","79.77","80.52","79.73","","0.61%"
"2010-11-29","80.83","80.20","81.14","80.05","","0.58%"
"2010-11-30","81.19","80.84","81.44","80.67","","0.45%"
"2010-12-1","80.71","81.26","81.36","80.50","","-0.59%"
"2010-12-2","80.30","80.79","81.02","80.06","","-0.51%"
"2010-12-3","79.38","80.22","80.32","79.06","","-1.15%"
"2010-12-6","79.57","79.27","79.97","79.17","","0.24%"
"2010-12-7","79.86","79.68","80.01","79.20","","0.36%"
"2010-12-8","80.00","79.94","80.41","79.89","","0.18%"
"2010-12-9","80.07","80.04","80.40","79.68","","0.09%"
"2010-12-10","80.07","80.07","80.30","79.82","","0.00%"
"2010-12-13","79.28","80.18","80.31","79.10","","-0.99%"
"2010-12-14","79.37","79.36","79.53","78.82","","0.11%"
"2010-12-15","80.26","79.56","80.28","79.46","","1.12%"
"2010-12-16","80.18","80.21","80.39","79.98","","-0.10%"
"2010-12-17","80.37","80.06","80.62","79.55","","0.24%"
"2010-12-20","80.63","80.42","80.72","80.31","","0.32%"
"2010-12-21","80.72","80.62","80.82","80.24","","0.11%"
"2010-12-22","80.73","80.71","80.78","80.28","","0.01%"
"2010-12-23","80.50","80.58","80.83","80.34","","-0.28%"
"2010-12-24","80.50","80.49","80.58","80.33","","0.00%"
"2010-12-27","80.37","80.66","80.66","80.21","","-0.16%"
"2010-12-28","80.36","80.10","80.45","79.60","","-0.01%"
"2010-12-29","79.80","80.41","80.51","79.70","","-0.70%"
"2010-12-30","79.52","79.72","79.77","79.43","","-0.35%"
"2010-12-31","79.03","79.46","79.52","78.78","","-0.62%"
"2011-1-3","79.13","79.14","79.53","78.99","","0.13%"
"2011-1-4","79.44","79.09","79.51","78.89","","0.39%"
"2011-1-5","80.26","79.40","80.35","79.34","","1.03%"
"2011-1-6","80.79","80.19","80.94","80.15","","0.66%"
"2011-1-7","81.01","80.87","81.14","80.69","","0.27%"
"2011-1-10","80.88","81.16","81.31","80.81","","-0.16%"
"2011-1-11","80.85","80.88","81.15","80.74","","-0.04%"
"2011-1-12","80.03","80.75","80.85","79.99","","-1.01%"
"2011-1-13","79.19","80.11","80.24","78.99","","-1.05%"
"2011-1-14","79.16","79.20","79.41","78.81","","-0.04%"
"2011-1-17","79.34","79.06","79.60","79.06","","0.23%"
"2011-1-18","78.96","79.40","79.50","78.64","","-0.48%"
"2011-1-19","78.64","78.95","79.02","78.30","","-0.41%"
"2011-1-20","78.82","78.73","79.17","78.44","","0.23%"
"2011-1-21","78.21","78.89","78.91","78.10","","-0.77%"
"2011-1-24","78.05","78.08","78.51","77.81","","-0.20%"
"2011-1-25","78.00","78.05","78.41","77.82","","-0.06%"
"2011-1-26","77.90","77.97","78.06","77.69","","-0.13%"
"2011-1-27","77.73","77.77","78.15","77.59","","-0.22%"
"2011-1-28","78.13","77.78","78.28","77.61","","0.51%"
"2011-1-31","77.73","78.11","78.33","77.54","","-0.51%"
"2011-2-1","77.07","77.61","77.67","76.94","","-0.85%"
"2011-2-2","77.16","77.01","77.31","76.88","","0.12%"
"2011-2-3","77.75","77.08","77.89","77.02","","0.76%"
"2011-2-4","78.04","77.80","78.22","77.56","","0.37%"
"2011-2-7","78.03","78.14","78.35","77.85","","-0.01%"
"2011-2-8","78.00","78.05","78.11","77.63","","-0.04%"
"2011-2-9","77.64","78.02","78.09","77.50","","-0.46%"
"2011-2-10","78.25","77.64","78.34","77.61","","0.79%"
"2011-2-11","78.46","78.22","78.70","78.12","","0.27%"
"2011-2-14","78.61","78.60","78.87","78.28","","0.19%"
"2011-2-15","78.57","78.61","78.74","78.30","","-0.05%"
"2011-2-16","78.22","78.52","78.79","78.16","","-0.45%"
"2011-2-17","78.00","78.20","78.35","77.93","","-0.28%"
"2011-2-18","77.66","77.94","78.22","77.53","","-0.44%"
"2011-2-21","77.69","77.58","77.82","77.54","","0.04%"
"2011-2-22","77.77","77.69","78.33","77.58","","0.10%"
"2011-2-23","77.41","77.69","77.73","77.25","","-0.46%"
"2011-2-24","77.06","77.30","77.48","76.99","","-0.45%"
"2011-2-25","77.28","77.05","77.42","76.94","","0.29%"
"2011-2-28","76.89","77.22","77.39","76.76","","-0.50%"
"2011-3-1","77.05","76.86","77.10","76.73","","0.21%"
"2011-3-2","76.67","77.04","77.18","76.53","","-0.49%"
"2011-3-3","76.48","76.69","76.86","76.39","","-0.25%"
"2011-3-4","76.40","76.47","76.62","76.28","","-0.10%"
"2011-3-7","76.50","76.36","76.55","76.12","","0.13%"
"2011-3-8","76.80","76.53","76.98","76.40","","0.39%"
"2011-3-9","76.72","76.86","76.97","76.53","","-0.10%"
"2011-3-10","77.28","76.72","77.35","76.63","","0.73%"
"2011-3-11","76.78","77.23","77.38","76.66","","-0.65%"
"2011-3-14","76.35","76.52","76.75","76.30","","-0.56%"
"2011-3-15","76.33","76.34","77.04","76.27","","-0.03%"
"2011-3-16","76.68","76.41","76.82","76.06","","0.46%"
"2011-3-17","76.04","76.39","76.66","75.85","","-0.83%"
"2011-3-18","75.72","76.05","76.46","75.54","","-0.42%"
"2011-3-21","75.40","75.54","75.73","75.34","","-0.42%"
"2011-3-22","75.41","75.53","75.61","75.41","","0.01%"
"2011-3-23","75.79","75.53","75.97","75.43","","0.50%"
"2011-3-24","75.66","75.88","76.05","75.46","","-0.17%"
"2011-3-25","76.22","75.71","76.28","75.61","","0.74%"
"2011-3-28","76.13","76.33","76.44","76.03","","-0.12%"
"2011-3-29","76.25","76.23","76.43","75.92","","0.16%"
"2011-3-30","76.12","76.14","76.41","76.01","","-0.17%"
"2011-3-31","75.86","76.14","76.17","75.66","","-0.34%"
"2011-4-1","75.83","76.05","76.61","75.78","","-0.04%"
"2011-4-4","75.91","75.84","75.99","75.70","","0.11%"
"2011-4-5","75.88","75.86","76.15","75.77","","-0.04%"
"2011-4-6","75.51","75.90","75.92","75.46","","-0.49%"
"2011-4-7","75.58","75.54","75.82","75.52","","0.09%"
"2011-4-8","75.07","75.59","75.61","74.84","","-0.67%"
"2011-4-11","75.06","74.92","75.09","74.89","","-0.01%"
"2011-4-12","74.85","75.07","75.20","74.70","","-0.28%"
"2011-4-13","74.98","74.89","75.10","74.74","","0.17%"
"2011-4-14","74.69","74.93","75.15","74.62","","-0.39%"
"2011-4-15","74.83","74.72","75.00","74.62","","0.19%"
"2011-4-18","75.50","74.89","75.81","74.88","","0.90%"
"2011-4-19","75.03","75.48","75.61","74.99","","-0.62%"
"2011-4-20","74.37","75.05","75.09","74.27","","-0.88%"
"2011-4-21","74.00","74.40","74.41","73.73","","-0.50%"
"2011-4-22","74.00","74.10","74.19","73.98","","0.00%"
"2011-4-25","73.99","74.07","74.27","73.81","","-0.01%"
"2011-4-26","73.84","74.01","74.33","73.56","","-0.20%"
"2011-4-27","73.52","73.61","73.98","73.26","","-0.43%"
"2011-4-28","73.12","73.36","73.36","72.87","","-0.54%"
"2011-4-29","72.93","73.06","73.19","72.83","","-0.26%"
"2011-5-2","72.95","72.99","73.29","72.72","","0.03%"
"2011-5-3","73.14","73.06","73.32","72.85","","0.26%"
"2011-5-4","73.03","73.12","73.30","72.70","","-0.15%"
"2011-5-5","74.19","73.12","74.22","72.81","","1.59%"
"2011-5-6","74.84","74.10","74.92","73.94","","0.88%"
"2011-5-9","74.74","74.77","75.16","74.44","","-0.13%"
"2011-5-10","74.61","74.62","75.00","74.53","","-0.17%"
"2011-5-11","75.33","74.55","75.42","74.40","","0.97%"
"2011-5-12","75.24","75.28","75.64","75.06","","-0.12%"
"2011-5-13","75.76","75.22","75.95","74.80","","0.69%"
"2011-5-16","75.47","75.85","76.00","75.25","","-0.38%"
"2011-5-17","75.40","75.62","75.83","75.34","","-0.09%"
"2011-5-18","75.47","75.26","75.59","75.13","","0.09%"
"2011-5-19","75.12","75.35","75.56","75.08","","-0.46%"
"2011-5-20","75.44","75.08","75.76","74.96","","0.43%"
"2011-5-23","76.10","75.73","76.37","75.72","","0.87%"
"2011-5-24","75.88","76.25","76.32","75.82","","-0.29%"
"2011-5-25","75.93","75.94","76.27","75.75","","0.07%"
"2011-5-26","75.55","75.90","75.98","75.34","","-0.50%"
"2011-5-27","74.95","75.58","75.58","74.75","","-0.79%"
"2011-5-30","74.96","74.86","75.02","74.82","","0.01%"
"2011-5-31","74.64","74.73","74.76","74.44","","-0.43%"
"2011-6-1","74.68","74.43","74.94","74.31","","0.05%"
"2011-6-2","74.33","74.83","74.89","74.23","","-0.47%"
"2011-6-3","73.78","74.35","74.46","73.70","","-0.74%"
"2011-6-6","73.95","73.80","74.05","73.64","","0.23%"
"2011-6-7","73.52","73.94","74.04","73.51","","-0.58%"
"2011-6-8","73.93","73.56","73.97","73.54","","0.56%"
"2011-6-9","74.19","73.88","74.30","73.69","","0.35%"
"2011-6-10","74.80","74.18","74.92","74.02","","0.82%"
"2011-6-13","74.51","74.90","74.96","74.44","","-0.39%"
"2011-6-14","74.33","74.52","74.63","74.23","","-0.24%"
"2011-6-15","75.60","74.45","75.66","74.44","","1.71%"
"2011-6-16","75.75","75.53","76.02","75.38","","0.20%"
"2011-6-17","74.99","75.43","75.75","74.89","","-1.00%"
"2011-6-20","75.03","75.15","75.47","74.90","","0.05%"
"2011-6-21","74.54","74.91","75.00","74.52","","-0.65%"
"2011-6-22","74.78","74.73","75.04","74.50","","0.32%"
"2011-6-23","75.45","75.03","75.80","74.96","","0.90%"
"2011-6-24","75.67","75.22","75.75","75.05","","0.29%"
"2011-6-27","75.39","75.49","75.99","75.26","","-0.37%"
"2011-6-28","75.06","75.23","75.51","74.87","","-0.44%"
"2011-6-29","74.69","75.09","75.14","74.61","","-0.49%"
"2011-6-30","74.30","74.48","74.58","74.25","","-0.52%"
"2011-7-1","74.35","74.45","74.69","74.19","","0.07%"
"2011-7-4","74.28","74.28","74.40","74.13","","-0.09%"
"2011-7-5","74.69","74.25","74.74","74.25","","0.55%"
"2011-7-6","75.12","74.61","75.18","74.46","","0.58%"
"2011-7-7","74.96","74.98","75.41","74.85","","-0.21%"
"2011-7-8","75.18","74.90","75.42","74.84","","0.29%"
"2011-7-11","75.99","75.33","76.16","75.25","","1.08%"
"2011-7-12","75.81","75.97","76.72","75.70","","-0.24%"
"2011-7-13","75.21","76.03","76.05","74.78","","-0.79%"
"2011-7-14","75.25","74.85","75.33","74.69","","0.05%"
"2011-7-15","75.13","75.14","75.42","74.99","","-0.16%"
"2011-7-18","75.48","75.25","75.75","75.22","","0.47%"
"2011-7-19","75.22","75.32","75.50","74.90","","-0.34%"
"2011-7-20","74.79","75.12","75.23","74.72","","-0.57%"
"2011-7-21","74.02","74.67","75.10","73.89","","-1.03%"
"2011-7-22","74.20","74.05","74.38","73.96","","0.24%"
"2011-7-25","74.06","74.10","74.31","73.99","","-0.19%"
"2011-7-26","73.47","74.12","74.20","73.45","","-0.80%"
"2011-7-27","74.09","73.52","74.18","73.42","","0.84%"
"2011-7-28","74.22","74.09","74.41","73.88","","0.18%"
"2011-7-29","73.90","74.16","74.51","73.72","","-0.43%"
"2011-8-1","74.26","73.81","74.53","73.58","","0.49%"
"2011-8-2","74.51","74.35","74.73","74.19","","0.34%"
"2011-8-3","74.04","74.59","74.69","73.86","","-0.63%"
"2011-8-4","75.12","73.92","75.32","73.88","","1.46%"
"2011-8-5","74.60","75.41","75.42","74.46","","-0.69%"
"2011-8-8","74.79","74.02","75.02","73.97","","0.25%"
"2011-8-9","74.61","74.78","74.94","73.85","","-0.24%"
"2011-8-10","74.64","73.94","74.92","73.82","","0.04%"
"2011-8-11","74.68","74.87","75.06","74.33","","0.05%"
"2011-8-12","74.61","74.64","74.89","74.37","","-0.09%"
"2011-8-15","73.84","74.54","74.61","73.76","","-1.03%"
"2011-8-16","74.01","73.90","74.17","73.77","","0.23%"
"2011-8-17","73.67","74.04","74.22","73.45","","-0.46%"
"2011-8-18","74.24","73.76","74.44","73.73","","0.77%"
"2011-8-19","74.01","74.33","74.47","73.62","","-0.31%"
"2011-8-22","74.07","74.06","74.17","73.81","","0.08%"
"2011-8-23","73.89","74.15","74.16","73.57","","-0.24%"
"2011-8-24","74.01","73.88","74.09","73.67","","0.16%"
"2011-8-25","74.28","74.04","74.40","73.83","","0.36%"
"2011-8-26","73.81","74.25","74.46","73.71","","-0.63%"
"2011-8-29","73.72","73.75","73.85","73.53","","-0.12%"
"2011-8-30","73.95","73.67","74.19","73.61","","0.31%"
"2011-8-31","74.12","74.01","74.19","73.83","","0.23%"
"2011-9-1","74.48","74.17","74.71","74.15","","0.49%"
"2011-9-2","74.76","74.51","74.77","74.31","","0.38%"
"2011-9-5","75.11","74.90","75.32","74.84","","0.47%"
"2011-9-6","75.95","75.26","76.01","74.67","","1.12%"
"2011-9-7","75.47","75.89","75.89","75.23","","-0.63%"
"2011-9-8","76.25","75.50","76.32","75.50","","1.03%"
"2011-9-9","77.19","76.17","77.28","76.04","","1.23%"
"2011-9-12","77.58","77.38","77.78","77.05","","0.51%"
"2011-9-13","76.92","77.23","77.62","76.82","","-0.85%"
"2011-9-14","76.83","77.04","77.49","76.67","","-0.12%"
"2011-9-15","76.24","76.83","77.05","76.07","","-0.77%"
"2011-9-16","76.60","76.32","76.77","76.28","","0.47%"
"2011-9-19","77.15","77.02","77.52","76.92","","0.72%"
"2011-9-20","77.02","77.43","77.45","76.84","","-0.17%"
"2011-9-21","77.34","77.07","77.84","76.79","","0.42%"
"2011-9-22","78.45","77.75","78.80","77.73","","1.44%"
"2011-9-23","78.50","78.37","78.62","77.95","","0.06%"
"2011-9-26","78.36","78.13","78.86","77.94","","-0.18%"
"2011-9-27","77.51","78.08","78.25","77.39","","-1.08%"
"2011-9-28","77.85","77.81","78.13","77.31","","0.44%"
"2011-9-29","78.03","78.06","78.16","77.42","","0.23%"
"2011-9-30","78.55","77.96","78.81","77.83","","0.67%"
"2011-10-3","79.43","79.02","79.70","78.79","","1.12%"
"2011-10-4","79.60","79.59","79.84","78.89","","0.21%"
"2011-10-5","78.92","79.09","79.38","78.80","","-0.85%"
"2011-10-6","78.63","78.95","79.50","78.51","","-0.37%"
"2011-10-7","78.73","78.62","78.83","78.06","","0.13%"
"2011-10-10","77.49","78.84","78.69","77.34","","-1.58%"
"2011-10-11","77.58","77.61","77.95","77.47","","0.12%"
"2011-10-12","76.99","77.61","77.93","76.80","","-0.76%"
"2011-10-13","77.00","77.01","77.43","76.84","","0.01%"
"2011-10-14","76.62","77.18","77.29","76.51","","-0.49%"
"2011-10-17","77.15","76.63","77.25","76.44","","0.69%"
"2011-10-18","77.14","77.15","77.55","76.80","","-0.01%"
"2011-10-19","77.11","77.14","77.19","76.57","","-0.04%"
"2011-10-20","76.97","77.04","77.50","76.71","","-0.18%"
"2011-10-21","76.39","76.95","77.21","76.23","","-0.75%"
"2011-10-24","76.03","76.47","76.55","75.98","","-0.47%"
"2011-10-25","76.12","76.11","76.44","75.94","","0.12%"
"2011-10-26","76.25","76.26","76.66","75.88","","0.17%"
"2011-10-27","74.88","76.29","76.32","74.72","","-1.80%"
"2011-10-28","75.07","75.00","75.16","74.90","","0.25%"
"2011-10-31","76.17","75.01","76.58","74.98","","1.47%"
"2011-11-1","77.26","76.56","77.68","76.46","","1.43%"
"2011-11-2","77.02","77.52","77.58","76.71","","-0.31%"
"2011-11-3","76.67","77.23","77.50","76.57","","-0.45%"
"2011-11-4","76.96","76.71","77.30","76.62","","0.38%"
"2011-11-7","76.96","76.93","77.39","76.82","","0.00%"
"2011-11-8","76.59","77.01","77.18","76.56","","-0.48%"
"2011-11-9","77.93","76.69","78.00","76.51","","1.75%"
"2011-11-10","77.74","77.97","78.17","77.40","","-0.24%"
"2011-11-11","76.94","77.62","77.74","76.72","","-1.03%"
"2011-11-14","77.57","76.77","77.66","76.75","","0.82%"
"2011-11-15","77.87","77.48","78.10","77.44","","0.39%"
"2011-11-16","78.02","78.08","78.44","77.83","","0.19%"
"2011-11-17","78.28","78.36","78.47","77.94","","0.33%"
"2011-11-18","78.06","78.31","78.36","77.54","","-0.28%"
"2011-11-21","78.30","78.08","78.52","77.97","","0.31%"
"2011-11-22","78.27","78.32","78.44","77.98","","-0.04%"
"2011-11-23","79.14","78.23","79.18","78.17","","1.11%"
"2011-11-24","79.14","79.01","79.18","78.73","","0.00%"
"2011-11-25","79.69","79.17","79.70","79.12","","0.69%"
"2011-11-28","79.26","79.21","79.40","78.76","","-0.54%"
"2011-11-29","79.01","79.33","79.37","78.53","","-0.32%"
"2011-11-30","78.38","79.08","79.38","77.92","","-0.80%"
"2011-12-1","78.33","78.33","78.53","78.06","","-0.06%"
"2011-12-2","78.62","78.30","78.77","77.97","","0.37%"
"2011-12-5","78.57","78.47","78.68","78.19","","-0.06%"
"2011-12-6","78.50","78.59","78.88","78.45","","-0.09%"
"2011-12-7","78.48","78.55","78.73","78.29","","-0.03%"
"2011-12-8","78.83","78.47","79.02","78.11","","0.45%"
"2011-12-9","78.63","78.79","79.11","78.41","","-0.25%"
"2011-12-12","79.53","78.72","79.64","78.63","","1.14%"
"2011-12-13","80.24","79.60","80.39","79.30","","0.89%"
"2011-12-14","80.59","80.25","80.73","80.12","","0.44%"
"2011-12-15","80.32","80.51","80.62","80.11","","-0.34%"
"2011-12-16","80.26","80.22","80.39","79.93","","-0.07%"
"2011-12-19","80.25","80.19","80.49","80.12","","-0.01%"
"2011-12-20","79.88","80.32","80.38","79.59","","-0.46%"
"2011-12-21","80.02","79.67","80.10","79.24","","0.18%"
"2011-12-22","79.96","80.03","80.14","79.65","","-0.07%"
"2011-12-23","79.93","79.91","80.06","79.73","","-0.04%"
"2011-12-26","79.93","80.00","80.02","79.80","","0.00%"
"2011-12-27","79.80","79.96","79.99","79.77","","-0.16%"
"2011-12-28","80.50","79.82","80.61","79.71","","0.88%"
"2011-12-29","80.49","80.66","80.85","80.34","","-0.01%"
"2011-12-30","80.18","80.42","80.60","79.98","","-0.39%"
"2012-1-2","80.18","80.28","80.39","80.15","","0.00%"
"2012-1-3","79.61","80.23","80.28","79.52","","-0.71%"
"2012-1-4","80.13","79.66","80.33","79.55","","0.65%"
"2012-1-5","80.94","80.15","81.02","80.09","","1.01%"
"2012-1-6","81.25","80.90","81.38","80.78","","0.38%"
"2012-1-9","81.05","81.40","81.47","80.93","","-0.25%"
"2012-1-10","80.81","80.92","81.08","80.72","","-0.30%"
"2012-1-11","81.35","81.00","81.49","80.82","","0.67%"
"2012-1-12","80.77","81.24","81.36","80.70","","-0.71%"
"2012-1-13","81.52","80.83","81.78","80.53","","0.93%"
"2012-1-16","81.52","81.70","81.70","81.32","","0.00%"
"2012-1-17","81.18","81.42","81.46","80.77","","-0.42%"
"2012-1-18","80.61","81.09","81.12","80.47","","-0.70%"
"2012-1-19","80.22","80.48","80.59","80.04","","-0.48%"
"2012-1-20","80.22","80.09","80.44","80.00","","0.00%"
"2012-1-23","79.78","80.41","80.41","79.60","","-0.55%"
"2012-1-24","79.87","79.75","80.18","79.64","","0.11%"
"2012-1-25","79.58","79.80","80.36","79.38","","-0.36%"
"2012-1-26","79.39","79.50","79.54","79.07","","-0.24%"
"2012-1-27","78.90","79.46","79.53","78.77","","-0.62%"
"2012-1-30","79.17","78.80","79.46","78.80","","0.34%"
"2012-1-31","79.29","79.13","79.49","78.74","","0.15%"
"2012-2-1","78.92","79.32","79.57","78.62","","-0.47%"
"2012-2-2","78.99","78.84","79.20","78.72","","0.09%"
"2012-2-3","78.92","79.01","79.36","78.75","","-0.09%"
"2012-2-6","79.07","79.07","79.52","78.98","","0.19%"
"2012-2-7","78.58","79.08","79.27","78.49","","-0.62%"
"2012-2-8","78.64","78.58","78.81","78.43","","0.08%"
"2012-2-9","78.57","78.67","78.78","78.36","","-0.09%"
"2012-2-10","79.11","78.64","79.20","78.57","","0.69%"
"2012-2-13","78.95","78.92","79.16","78.61","","-0.20%"
"2012-2-14","79.58","79.13","79.64","78.95","","0.80%"
"2012-2-15","79.67","79.41","79.74","79.10","","0.11%"
"2012-2-16","79.35","79.75","80.12","79.27","","-0.40%"
"2012-2-17","79.33","79.39","79.48","79.15","","-0.03%"
"2012-2-20","79.33","79.22","79.21","78.81","","0.00%"
"2012-2-21","79.04","79.14","79.26","78.80","","-0.37%"
"2012-2-22","79.21","79.11","79.38","79.00","","0.22%"
"2012-2-23","78.82","79.21","79.29","78.60","","-0.49%"
"2012-2-24","78.35","78.64","78.77","78.22","","-0.60%"
"2012-2-27","78.57","78.38","78.68","78.37","","0.28%"
"2012-2-28","78.27","78.48","78.61","78.19","","-0.38%"
"2012-2-29","78.74","78.18","78.87","78.09","","0.60%"
"2012-3-1","78.79","78.77","78.93","78.63","","0.06%"
"2012-3-2","79.40","78.77","79.45","78.72","","0.77%"
"2012-3-5","79.30","79.46","79.58","79.24","","-0.13%"
"2012-3-6","79.87","79.32","79.87","79.29","","0.72%"
"2012-3-7","79.71","79.78","79.92","79.58","","-0.20%"
"2012-3-8","79.14","79.75","79.78","79.07","","-0.72%"
"2012-3-9","80.04","79.18","80.06","79.16","","1.14%"
"2012-3-12","79.89","80.03","80.13","79.83","","-0.19%"
"2012-3-13","80.19","79.85","80.32","79.67","","0.38%"
"2012-3-14","80.56","80.13","80.63","80.13","","0.46%"
"2012-3-15","80.15","80.55","80.74","80.04","","-0.51%"
"2012-3-16","79.79","80.25","80.42","79.69","","-0.45%"
"2012-3-19","79.79","79.77","79.89","79.35","","0.00%"
"2012-3-20","79.59","79.48","79.84","79.43","","-0.25%"
"2012-3-21","79.66","79.57","79.83","79.31","","0.09%"
"2012-3-22","79.74","79.62","79.95","79.42","","0.10%"
"2012-3-23","79.34","79.67","79.75","79.21","","-0.50%"
"2012-3-26","78.98","79.31","79.72","78.87","","-0.45%"
"2012-3-27","79.05","78.94","79.17","78.77","","0.09%"
"2012-3-28","79.13","79.12","79.34","78.88","","0.10%"
"2012-3-29","79.19","79.16","79.35","78.96","","0.08%"
"2012-3-30","79.00","79.08","79.08","78.73","","-0.24%"
"2012-4-2","78.82","78.89","79.13","78.79","","-0.23%"
"2012-4-3","79.48","78.86","79.50","78.66","","0.84%"
"2012-4-4","79.78","79.41","79.92","79.39","","0.38%"
"2012-4-5","80.08","79.73","80.18","79.62","","0.38%"
"2012-4-6","79.89","80.06","80.12","79.74","","-0.24%"
"2012-4-9","79.73","79.80","80.10","79.65","","-0.20%"
"2012-4-10","79.89","79.73","80.02","79.60","","0.20%"
"2012-4-11","79.80","79.89","79.95","79.51","","-0.11%"
"2012-4-12","79.28","79.71","79.77","79.21","","-0.65%"
"2012-4-13","79.89","79.37","79.92","79.29","","0.77%"
"2012-4-16","79.56","79.92","80.18","79.50","","-0.41%"
"2012-4-17","79.48","79.55","79.76","79.39","","-0.10%"
"2012-4-18","79.54","79.56","79.86","79.48","","0.08%"
"2012-4-19","79.56","79.58","79.83","79.39","","0.03%"
"2012-4-20","79.19","79.55","79.61","79.11","","-0.47%"
"2012-4-23","79.42","79.37","79.65","79.20","","0.29%"
"2012-4-24","79.22","79.37","79.43","79.09","","-0.25%"
"2012-4-25","79.01","79.19","79.31","79.00","","-0.27%"
"2012-4-26","78.92","79.03","79.19","78.82","","-0.11%"
"2012-4-27","78.71","79.18","79.26","78.67","","-0.27%"
"2012-4-30","78.78","78.80","78.92","78.64","","0.09%"
"2012-5-1","78.86","78.78","78.98","78.60","","0.10%"
"2012-5-2","79.13","78.83","79.32","78.81","","0.34%"
"2012-5-3","79.22","79.17","79.42","79.08","","0.11%"
"2012-5-4","79.50","79.21","79.52","79.09","","0.35%"
"2012-5-7","79.60","79.76","80.03","79.53","","0.13%"
"2012-5-8","79.74","79.58","79.96","79.56","","0.18%"
"2012-5-9","80.08","79.90","80.27","79.87","","0.43%"
"2012-5-10","80.11","80.12","80.22","79.95","","0.04%"
"2012-5-11","80.26","80.21","80.34","80.08","","0.19%"
"2012-5-14","80.61","80.35","80.73","80.36","","0.44%"
"2012-5-15","81.22","80.67","81.29","80.48","","0.76%"
"2012-5-16","81.37","81.23","81.57","81.18","","0.18%"
"2012-5-17","81.38","81.40","81.68","81.24","","0.01%"
"2012-5-18","81.29","81.51","81.76","81.01","","-0.11%"
"2012-5-21","81.08","81.11","81.39","80.90","","-0.26%"
"2012-5-22","81.49","80.97","81.77","80.95","","0.51%"
"2012-5-23","82.09","81.70","82.22","81.57","","0.74%"
"2012-5-24","82.35","81.99","82.38","81.84","","0.32%"
"2012-5-25","82.40","82.30","82.46","81.99","","0.06%"
"2012-5-28","82.40","82.08","82.30","81.83","","0.00%"
"2012-5-29","82.48","82.24","82.61","82.03","","0.10%"
"2012-5-30","83.02","82.51","83.11","82.48","","0.65%"
"2012-5-31","83.04","83.10","83.22","82.72","","0.02%"
"2012-6-1","82.89","83.07","83.54","82.65","","-0.18%"
"2012-6-4","82.56","82.91","83.08","82.47","","-0.40%"
"2012-6-5","82.83","82.51","82.94","82.31","","0.33%"
"2012-6-6","82.32","82.78","82.82","82.12","","-0.62%"
"2012-6-7","82.05","82.21","82.39","81.91","","-0.33%"
"2012-6-8","82.51","82.23","82.89","82.23","","0.56%"
"2012-6-11","82.52","81.92","82.73","81.78","","0.01%"
"2012-6-12","82.42","82.61","82.73","82.33","","-0.12%"
"2012-6-13","82.06","82.40","82.58","81.92","","-0.44%"
"2012-6-14","81.99","82.17","82.30","81.80","","-0.09%"
"2012-6-15","81.63","81.86","81.94","81.48","","-0.44%"
"2012-6-18","81.95","81.34","82.07","81.27","","0.39%"
"2012-6-19","81.38","81.89","81.99","81.19","","-0.70%"
"2012-6-20","81.58","81.42","81.74","81.22","","0.25%"
"2012-6-21","82.29","81.48","82.40","81.22","","0.87%"
"2012-6-22","82.26","82.28","82.47","82.16","","-0.04%"
"2012-6-25","82.50","82.34","82.63","82.32","","0.29%"
"2012-6-26","82.37","82.43","82.68","82.25","","-0.16%"
"2012-6-27","82.62","82.41","82.70","82.30","","0.30%"
"2012-6-28","82.81","82.53","82.88","82.24","","0.23%"
"2012-6-29","81.63","82.75","82.74","81.43","","-1.42%"
"2012-7-2","81.87","81.56","81.96","81.53","","0.29%"
"2012-7-3","81.78","81.90","82.03","81.70","","-0.11%"
"2012-7-4","81.78","81.81","82.25","81.80","","0.00%"
"2012-7-5","82.81","82.19","82.95","82.08","","1.26%"
"2012-7-6","83.38","82.83","83.43","82.75","","0.69%"
"2012-7-9","83.16","83.38","83.43","83.09","","-0.26%"
"2012-7-10","83.40","83.10","83.49","82.98","","0.29%"
"2012-7-11","83.57","83.40","83.61","83.11","","0.20%"
"2012-7-12","83.66","83.45","83.83","83.42","","0.11%"
"2012-7-13","83.35","83.62","83.78","83.27","","-0.37%"
"2012-7-16","83.10","83.23","83.64","83.02","","-0.30%"
"2012-7-17","83.03","83.14","83.56","82.91","","-0.08%"
"2012-7-18","83.07","83.04","83.34","82.92","","0.05%"
"2012-7-19","82.88","83.00","83.15","82.73","","-0.23%"
"2012-7-20","83.48","82.94","83.55","82.87","","0.72%"
"2012-7-23","83.71","83.68","84.00","83.61","","0.28%"
"2012-7-24","84.00","83.77","84.10","83.63","","0.35%"
"2012-7-25","83.52","83.99","84.05","83.50","","-0.57%"
"2012-7-26","82.81","83.61","83.73","82.59","","-0.85%"
"2012-7-27","82.71","82.84","83.01","82.34","","-0.12%"
"2012-7-30","82.79","82.73","82.99","82.71","","0.10%"
"2012-7-31","82.64","82.80","82.89","82.50","","-0.18%"
"2012-8-1","83.06","82.70","83.16","82.48","","0.51%"
"2012-8-2","83.36","83.05","83.51","82.20","","0.36%"
"2012-8-3","82.38","83.33","83.37","82.29","","-1.18%"
"2012-8-6","82.27","82.33","82.57","82.09","","-0.13%"
"2012-8-7","82.21","82.31","82.40","82.04","","-0.07%"
"2012-8-8","82.39","82.33","82.53","82.26","","0.22%"
"2012-8-9","82.64","82.32","82.79","82.23","","0.30%"
"2012-8-10","82.55","82.64","82.87","82.44","","-0.11%"
"2012-8-13","82.44","82.57","82.71","82.22","","-0.13%"
"2012-8-14","82.48","82.43","82.56","82.20","","0.05%"
"2012-8-15","82.64","82.52","82.78","82.46","","0.19%"
"2012-8-16","82.36","82.68","82.88","82.32","","-0.34%"
"2012-8-17","82.60","82.39","82.76","82.32","","0.29%"
"2012-8-20","82.46","82.59","82.72","82.38","","-0.17%"
"2012-8-21","81.91","82.43","82.47","81.79","","-0.67%"
"2012-8-22","81.49","81.93","82.12","81.45","","-0.51%"
"2012-8-23","81.36","81.45","81.51","81.22","","-0.16%"
"2012-8-24","81.59","81.40","81.72","81.36","","0.28%"
"2012-8-27","81.66","81.62","81.72","81.49","","0.09%"
"2012-8-28","81.37","81.66","81.82","81.26","","-0.36%"
"2012-8-29","81.55","81.37","81.59","81.34","","0.22%"
"2012-8-30","81.69","81.56","81.75","81.40","","0.17%"
"2012-8-31","81.21","81.68","81.72","80.96","","-0.59%"
"2012-9-3","81.21","81.29","81.33","81.11","","0.00%"
"2012-9-4","81.31","81.23","81.38","81.05","","0.12%"
"2012-9-5","81.23","81.38","81.67","81.11","","-0.10%"
"2012-9-6","81.04","81.25","81.45","81.02","","-0.23%"
"2012-9-7","80.25","81.13","81.14","80.15","","-0.97%"
"2012-9-10","80.25","80.38","80.43","80.20","","0.00%"
"2012-9-11","79.86","80.38","80.39","79.79","","-0.49%"
"2012-9-12","79.74","79.89","80.02","79.52","","-0.15%"
"2012-9-13","79.26","79.70","79.83","79.18","","-0.60%"
"2012-9-14","78.85","79.24","79.29","78.60","","-0.52%"
"2012-9-17","79.01","78.85","79.06","78.72","","0.20%"
"2012-9-18","79.25","78.95","79.28","78.92","","0.30%"
"2012-9-19","79.06","79.19","79.40","79.00","","-0.24%"
"2012-9-20","79.41","79.11","79.66","79.06","","0.44%"
"2012-9-21","79.33","79.39","79.45","79.05","","-0.10%"
"2012-9-24","79.52","79.16","79.77","79.16","","0.24%"
"2012-9-25","79.55","79.53","79.72","79.33","","0.04%"
"2012-9-26","79.89","79.68","80.01","79.61","","0.43%"
"2012-9-27","79.55","79.82","79.96","79.49","","-0.43%"
"2012-9-28","79.94","79.56","80.00","79.36","","0.49%"
"2012-10-1","79.82","79.95","80.15","79.58","","-0.15%"
"2012-10-2","79.74","79.81","79.85","79.48","","-0.10%"
"2012-10-3","79.97","79.79","80.00","79.72","","0.29%"
"2012-10-4","79.35","79.86","79.91","79.27","","-0.78%"
"2012-10-5","79.34","79.37","79.45","79.10","","-0.01%"
"2012-10-8","79.54","79.36","79.71","79.36","","0.25%"
"2012-10-9","79.95","79.60","80.07","79.50","","0.52%"
"2012-10-10","79.92","80.04","80.19","79.83","","-0.04%"
"2012-10-11","79.78","80.06","80.20","79.70","","-0.18%"
"2012-10-12","79.67","79.79","79.83","79.51","","-0.14%"
"2012-10-15","79.74","79.69","79.97","79.60","","0.09%"
"2012-10-16","79.41","79.72","79.75","79.17","","-0.41%"
"2012-10-17","79.02","79.20","79.21","78.94","","-0.49%"
"2012-10-18","79.37","79.09","79.41","79.00","","0.44%"
"2012-10-19","79.62","79.33","79.66","79.32","","0.31%"
"2012-10-22","79.65","79.63","79.67","79.47","","0.04%"
"2012-10-23","79.98","79.55","80.06","79.53","","0.41%"
"2012-10-24","79.91","79.95","80.15","79.82","","-0.09%"
"2012-10-25","80.04","79.96","80.14","79.70","","0.16%"
"2012-10-26","80.07","80.11","80.27","79.92","","0.04%"
"2012-10-29","80.23","80.02","80.33","80.06","","0.20%"
"2012-10-30","79.93","80.23","80.28","79.83","","-0.37%"
"2012-10-31","79.92","79.92","80.00","79.67","","-0.01%"
"2012-11-1","80.05","79.95","80.11","79.86","","0.16%"
"2012-11-2","80.59","80.04","80.61","80.02","","0.67%"
"2012-11-5","80.75","80.62","80.84","80.50","","0.20%"
"2012-11-6","80.61","80.70","80.82","80.56","","-0.17%"
"2012-11-7","80.76","80.64","80.92","80.28","","0.19%"
"2012-11-8","80.79","80.84","81.00","80.72","","0.04%"
"2012-11-9","81.03","80.85","81.09","80.61","","0.30%"
"2012-11-12","81.03","81.03","81.10","80.91","","0.00%"
"2012-11-13","81.08","81.10","81.24","80.97","","0.06%"
"2012-11-14","81.06","81.05","81.15","80.90","","-0.02%"
"2012-11-15","81.08","81.15","81.21","80.93","","0.02%"
"2012-11-16","81.26","81.02","81.45","81.00","","0.22%"
"2012-11-19","80.87","81.20","81.20","80.79","","-0.48%"
"2012-11-20","80.96","81.00","81.06","80.80","","0.11%"
"2012-11-21","80.93","80.92","81.27","80.74","","-0.04%"
"2012-11-22","80.93","80.80","80.93","80.61","","0.00%"
"2012-11-23","80.19","80.73","80.75","80.13","","-0.91%"
"2012-11-26","80.25","80.25","80.31","80.03","","0.07%"
"2012-11-27","80.40","80.11","80.47","80.02","","0.19%"
"2012-11-28","80.34","80.38","80.59","80.24","","-0.07%"
"2012-11-29","80.20","80.33","80.35","80.02","","-0.17%"
"2012-11-30","80.15","80.21","80.33","80.03","","-0.06%"
"2012-12-3","79.88","80.24","80.24","79.80","","-0.34%"
"2012-12-4","79.64","79.89","79.92","79.61","","-0.30%"
"2012-12-5","79.77","79.59","79.86","79.57","","0.16%"
"2012-12-6","80.26","79.81","80.32","79.73","","0.61%"
"2012-12-7","80.41","80.25","80.66","80.23","","0.19%"
"2012-12-10","80.33","80.56","80.57","80.28","","-0.10%"
"2012-12-11","80.06","80.31","80.37","80.00","","-0.34%"
"2012-12-12","79.81","80.05","80.13","79.71","","-0.31%"
"2012-12-13","79.93","79.86","80.04","79.79","","0.15%"
"2012-12-14","79.58","79.95","79.98","79.50","","-0.44%"
"2012-12-17","79.57","79.65","79.70","79.47","","-0.01%"
"2012-12-18","79.36","79.57","79.61","79.26","","-0.26%"
"2012-12-19","79.27","79.31","79.46","79.01","","-0.11%"
"2012-12-20","79.26","79.36","79.42","79.03","","-0.01%"
"2012-12-21","79.62","79.32","79.65","79.27","","0.45%"
"2012-12-24","79.64","79.62","79.71","79.37","","0.03%"
"2012-12-25","79.64","79.66","79.78","79.55","","0.00%"
"2012-12-26","79.62","79.68","79.77","79.42","","-0.03%"
"2012-12-27","79.62","79.54","79.79","79.36","","0.00%"
"2012-12-28","79.68","79.66","79.93","79.59","","0.08%"
"2012-12-31","79.77","79.67","79.85","79.58","","0.11%"
"2013-1-1","79.77","79.69","79.82","79.65","","0.00%"
"2013-1-2","79.84","79.75","79.93","79.28","","0.09%"
"2013-1-3","80.38","79.81","80.59","79.80","","0.68%"
"2013-1-4","80.50","80.57","80.87","80.41","","0.15%"
"2013-1-7","80.26","80.46","80.68","80.11","","-0.30%"
"2013-1-8","80.34","80.15","80.45","80.11","","0.10%"
"2013-1-9","80.56","80.30","80.64","80.29","","0.27%"
"2013-1-10","79.74","80.60","80.67","79.67","","-1.02%"
"2013-1-11","79.56","79.79","79.86","79.44","","-0.23%"
"2013-1-14","79.49","79.48","79.65","79.34","","-0.09%"
"2013-1-15","79.78","79.50","79.87","79.39","","0.36%"
"2013-1-16","79.80","79.69","79.90","79.61","","0.03%"
"2013-1-17","79.65","79.86","79.90","79.57","","-0.19%"
"2013-1-18","80.04","79.68","80.19","79.65","","0.49%"
"2013-1-21","80.04","80.11","80.09","79.91","","0.00%"
"2013-1-22","79.87","80.06","80.09","79.69","","-0.21%"
"2013-1-23","79.92","79.87","80.13","79.70","","0.06%"
"2013-1-24","79.95","79.99","80.15","79.86","","0.04%"
"2013-1-25","79.75","80.01","80.09","79.68","","-0.25%"
"2013-1-28","79.75","79.79","79.93","79.72","","0.00%"
"2013-1-29","79.56","79.78","79.86","79.52","","-0.24%"
"2013-1-30","79.28","79.58","79.62","79.18","","-0.35%"
"2013-1-31","79.21","79.24","79.37","79.13","","-0.09%"
"2013-2-1","79.21","79.13","79.30","78.92","","0.00%"
"2013-2-4","79.55","79.23","79.61","79.18","","0.43%"
"2013-2-5","79.49","79.58","79.78","79.45","","-0.08%"
"2013-2-6","79.72","79.54","79.86","79.49","","0.29%"
"2013-2-7","80.19","79.74","80.28","79.54","","0.59%"
"2013-2-8","80.21","80.25","80.28","79.94","","0.02%"
"2013-2-11","80.31","80.25","80.40","80.11","","0.12%"
"2013-2-12","80.11","80.35","80.51","79.92","","-0.25%"
"2013-2-13","80.09","80.04","80.18","79.84","","-0.02%"
"2013-2-14","80.46","80.07","80.62","80.05","","0.46%"
"2013-2-15","80.58","80.42","80.60","80.22","","0.15%"
"2013-2-18","80.58","80.55","80.73","80.52","","0.00%"
"2013-2-19","80.47","80.64","80.68","80.42","","-0.14%"
"2013-2-20","81.07","80.43","81.12","80.27","","0.75%"
"2013-2-21","81.46","81.06","81.51","81.03","","0.48%"
"2013-2-22","81.46","81.37","81.59","81.17","","0.00%"
"2013-2-25","81.67","81.53","81.92","81.07","","0.26%"
"2013-2-26","81.87","81.81","81.95","81.58","","0.24%"
"2013-2-27","81.60","81.85","81.92","81.50","","-0.33%"
"2013-2-28","81.95","81.51","82.00","81.47","","0.43%"
"2013-3-1","82.28","81.92","82.51","81.78","","0.40%"
"2013-3-4","82.19","82.32","82.47","82.16","","-0.11%"
"2013-3-5","82.09","82.13","82.24","81.90","","-0.12%"
"2013-3-6","82.46","82.06","82.60","81.92","","0.45%"
"2013-3-7","82.08","82.56","82.59","81.96","","-0.46%"
"2013-3-8","82.72","82.10","82.92","82.07","","0.78%"
"2013-3-11","82.57","82.78","82.83","82.52","","-0.18%"
"2013-3-12","82.58","82.66","82.79","82.41","","0.01%"
"2013-3-13","82.89","82.60","83.06","82.33","","0.38%"
"2013-3-14","82.61","82.90","83.17","82.43","","-0.34%"
"2013-3-15","82.13","82.54","82.61","82.05","","-0.58%"
"2013-3-18","82.69","82.60","82.88","82.44","","0.68%"
"2013-3-19","82.99","82.71","83.10","82.62","","0.36%"
"2013-3-20","82.78","83.03","83.03","82.57","","-0.25%"
"2013-3-21","82.74","82.88","83.02","82.68","","-0.05%"
"2013-3-22","82.53","82.81","82.83","82.29","","-0.25%"
"2013-3-25","82.83","82.52","82.95","82.15","","0.36%"
"2013-3-26","82.88","82.88","82.98","82.72","","0.06%"
"2013-3-27","83.22","82.87","83.30","82.84","","0.41%"
"2013-3-28","82.99","83.20","83.26","82.83","","-0.28%"
"2013-3-29","83.22","83.01","83.07","82.86","","0.28%"
"2013-4-1","82.73","83.05","83.18","82.65","","-0.59%"
"2013-4-2","82.92","82.72","82.95","82.49","","0.23%"
"2013-4-3","82.72","82.89","83.06","82.62","","-0.24%"
"2013-4-4","82.68","82.73","83.49","82.63","","-0.05%"
"2013-4-5","82.50","82.76","82.89","82.27","","-0.22%"
"2013-4-8","82.75","82.75","82.83","82.48","","0.30%"
"2013-4-9","82.31","82.73","82.70","82.28","","-0.53%"
"2013-4-10","82.53","82.38","82.57","82.23","","0.27%"
"2013-4-11","82.25","82.53","82.58","82.07","","-0.34%"
"2013-4-12","82.13","82.22","82.49","82.05","","-0.15%"
"2013-4-15","82.42","82.12","82.44","82.12","","0.35%"
"2013-4-16","81.75","82.34","82.52","81.72","","-0.81%"
"2013-4-17","82.68","81.82","82.70","81.81","","1.14%"
"2013-4-18","82.56","82.64","82.66","82.35","","-0.15%"
"2013-4-19","82.71","82.57","82.78","82.31","","0.18%"
"2013-4-22","82.68","82.74","82.91","82.63","","-0.04%"
"2013-4-23","83.05","82.64","83.06","82.52","","0.45%"
"2013-4-24","83.05","83.01","83.19","82.85","","0.00%"
"2013-4-25","82.74","82.92","82.94","82.40","","-0.37%"
"2013-4-26","82.47","82.80","82.81","82.39","","-0.33%"
"2013-4-29","82.15","82.36","82.45","82.03","","-0.39%"
"2013-4-30","81.75","82.15","82.27","81.60","","-0.49%"
"2013-5-1","81.48","81.71","81.74","81.33","","-0.33%"
"2013-5-2","82.22","81.62","82.35","81.50","","0.91%"
"2013-5-3","82.10","82.22","82.52","81.91","","-0.15%"
"2013-5-6","82.31","82.11","82.41","81.98","","0.26%"
"2013-5-7","82.25","82.33","82.35","82.06","","-0.07%"
"2013-5-8","81.90","82.28","82.32","81.72","","-0.43%"
"2013-5-9","82.79","81.92","82.82","81.78","","1.09%"
"2013-5-10","83.14","82.69","83.44","82.68","","0.42%"
"2013-5-13","83.28","83.26","83.36","83.07","","0.17%"
"2013-5-14","83.59","83.22","83.69","82.96","","0.37%"
"2013-5-15","83.83","83.61","84.09","83.54","","0.29%"
"2013-5-16","83.59","83.83","84.00","83.45","","-0.29%"
"2013-5-17","84.25","83.75","84.37","83.73","","0.79%"
"2013-5-20","83.74","84.14","84.26","83.70","","-0.61%"
"2013-5-21","83.86","83.79","84.20","83.65","","0.14%"
"2013-5-22","84.35","83.79","84.42","83.46","","0.58%"
"2013-5-23","83.80","84.33","84.50","83.60","","-0.65%"
"2013-5-24","83.70","83.79","83.96","83.43","","-0.12%"
"2013-5-27","83.70","83.59","83.70","83.51","","0.00%"
"2013-5-28","84.10","83.66","84.30","83.65","","0.48%"
"2013-5-29","83.66","84.31","84.37","83.47","","-0.52%"
"2013-5-30","83.04","83.64","83.71","82.95","","-0.74%"
"2013-5-31","83.26","83.05","83.60","83.02","","0.26%"
"2013-6-3","82.66","83.32","83.38","82.43","","-0.72%"
"2013-6-4","82.77","82.72","82.98","82.60","","0.13%"
"2013-6-5","82.59","82.81","82.89","82.49","","-0.22%"
"2013-6-6","81.54","82.53","82.68","81.08","","-1.27%"
"2013-6-7","81.67","81.56","81.85","81.09","","0.16%"
"2013-6-10","81.65","81.84","82.09","81.60","","-0.02%"
"2013-6-11","81.11","81.70","81.75","81.03","","-0.66%"
"2013-6-12","80.95","81.09","81.31","80.75","","-0.20%"
"2013-6-13","80.75","80.92","80.98","80.50","","-0.25%"
"2013-6-14","80.62","80.74","81.01","80.59","","-0.16%"
"2013-6-17","80.79","80.63","80.88","80.53","","0.21%"
"2013-6-18","80.61","80.65","80.99","80.56","","-0.22%"
"2013-6-19","81.43","80.73","81.50","80.50","","1.02%"
"2013-6-20","81.92","81.41","82.14","81.27","","0.60%"
"2013-6-21","82.41","81.66","82.52","81.60","","0.60%"
"2013-6-24","82.42","82.55","82.84","82.31","","0.01%"
"2013-6-25","82.58","82.39","82.72","82.24","","0.19%"
"2013-6-26","82.98","82.69","83.03","82.51","","0.48%"
"2013-6-27","82.90","82.93","83.17","82.77","","-0.10%"
"2013-6-28","83.14","83.00","83.34","82.75","","0.29%"
"2013-7-1","83.05","83.18","83.23","82.97","","-0.11%"
"2013-7-2","83.54","82.99","83.61","82.97","","0.59%"
"2013-7-3","83.23","83.60","83.72","83.09","","-0.37%"
"2013-7-4","83.23","83.22","83.91","83.15","","0.00%"
"2013-7-5","84.44","83.85","84.53","83.83","","1.45%"
"2013-7-8","84.19","84.54","84.59","84.15","","-0.30%"
"2013-7-9","84.58","84.22","84.75","84.08","","0.46%"
"2013-7-10","84.04","84.66","84.73","83.07","","-0.64%"
"2013-7-11","82.75","82.61","83.25","82.42","","-1.53%"
"2013-7-12","82.99","82.75","83.24","82.72","","0.29%"
"2013-7-15","83.04","82.91","83.46","82.88","","0.06%"
"2013-7-16","82.50","83.11","83.11","82.39","","-0.65%"
"2013-7-17","82.71","82.56","82.89","82.34","","0.25%"
"2013-7-18","82.82","82.68","83.03","82.62","","0.13%"
"2013-7-19","82.62","82.80","82.94","82.52","","-0.24%"
"2013-7-22","82.22","82.61","82.55","82.05","","-0.48%"
"2013-7-23","81.94","82.18","82.38","81.93","","-0.34%"
"2013-7-24","82.29","82.02","82.41","81.94","","0.43%"
"2013-7-25","81.97","82.30","82.40","81.62","","-0.39%"
"2013-7-26","81.66","81.78","81.83","81.55","","-0.38%"
"2013-7-29","81.66","81.60","81.83","81.50","","0.00%"
"2013-7-30","81.83","81.71","81.98","81.58","","0.21%"
"2013-7-31","81.45","81.87","82.19","81.41","","-0.46%"
"2013-8-1","82.34","81.66","82.41","81.61","","1.09%"
"2013-8-2","81.91","82.37","82.49","81.82","","-0.52%"
"2013-8-5","81.88","81.92","82.08","81.75","","-0.04%"
"2013-8-6","81.60","81.87","81.96","81.51","","-0.34%"
"2013-8-7","81.29","81.54","81.82","81.23","","-0.38%"
"2013-8-8","80.98","81.25","81.36","80.87","","-0.38%"
"2013-8-9","81.13","81.04","81.17","80.94","","0.19%"
"2013-8-12","81.33","81.24","81.51","81.10","","0.25%"
"2013-8-13","81.77","81.51","81.88","81.40","","0.54%"
"2013-8-14","81.71","81.77","81.85","81.61","","-0.07%"
"2013-8-15","81.18","81.69","81.94","81.10","","-0.65%"
"2013-8-16","81.26","81.18","81.40","81.05","","0.10%"
"2013-8-19","81.23","81.30","81.39","81.14","","-0.04%"
"2013-8-20","80.91","81.26","81.34","80.75","","-0.39%"
"2013-8-21","81.21","80.94","81.41","80.90","","0.37%"
"2013-8-22","81.49","81.38","81.72","81.38","","0.34%"
"2013-8-23","81.36","81.42","81.66","81.22","","-0.16%"
"2013-8-26","81.41","81.34","81.51","81.27","","0.06%"
"2013-8-27","81.17","81.37","81.57","81.11","","-0.29%"
"2013-8-28","81.43","81.13","81.60","81.11","","0.32%"
"2013-8-29","81.95","81.42","82.07","81.38","","0.64%"
"2013-8-30","82.09","81.99","82.26","81.89","","0.17%"
"2013-9-2","82.09","82.05","82.31","82.02","","0.00%"
"2013-9-3","82.36","82.30","82.52","82.23","","0.33%"
"2013-9-4","82.17","82.37","82.43","82.08","","-0.23%"
"2013-9-5","82.63","82.20","82.67","82.10","","0.56%"
"2013-9-6","82.15","82.63","82.63","82.04","","-0.58%"
"2013-9-9","81.79","82.26","82.31","81.70","","-0.44%"
"2013-9-10","81.82","81.82","81.98","81.72","","0.04%"
"2013-9-11","81.52","81.83","81.94","81.44","","-0.37%"
"2013-9-12","81.49","81.52","81.69","81.36","","-0.04%"
"2013-9-13","81.45","81.54","81.74","81.40","","-0.05%"
"2013-9-16","81.30","81.23","81.31","80.97","","-0.18%"
"2013-9-17","81.14","81.28","81.35","81.11","","-0.20%"
"2013-9-18","80.24","81.16","81.22","80.06","","-1.11%"
"2013-9-19","80.37","80.24","80.45","80.07","","0.16%"
"2013-9-20","80.43","80.36","80.58","80.30","","0.07%"
"2013-9-23","80.45","80.32","80.53","80.28","","0.02%"
"2013-9-24","80.56","80.46","80.62","80.40","","0.14%"
"2013-9-25","80.33","80.59","80.63","80.29","","-0.29%"
"2013-9-26","80.52","80.36","80.65","80.31","","0.24%"
"2013-9-27","80.29","80.54","80.59","80.11","","-0.29%"
"2013-9-30","80.22","80.34","80.38","80.03","","-0.09%"
"2013-10-1","80.14","80.27","80.32","79.86","","-0.10%"
"2013-10-2","79.90","80.21","80.28","79.78","","-0.30%"
"2013-10-3","79.75","79.90","79.92","79.63","","-0.19%"
"2013-10-4","80.13","79.72","80.19","79.68","","0.48%"
"2013-10-7","79.94","80.06","80.14","79.90","","-0.24%"
"2013-10-8","80.06","79.93","80.08","79.84","","0.15%"
"2013-10-9","80.38","79.91","80.57","79.88","","0.40%"
"2013-10-10","80.42","80.41","80.59","80.36","","0.05%"
"2013-10-11","80.41","80.46","80.54","80.24","","-0.01%"
"2013-10-14","80.26","80.29","80.39","80.13","","-0.19%"
"2013-10-15","80.48","80.38","80.70","80.25","","0.27%"
"2013-10-16","80.47","80.44","80.75","80.28","","-0.01%"
"2013-10-17","79.65","80.52","80.56","79.61","","-1.02%"
"2013-10-18","79.65","79.69","79.76","79.48","","0.00%"
"2013-10-21","79.69","79.62","79.82","79.64","","0.05%"
"2013-10-22","79.23","79.73","79.79","79.18","","-0.58%"
"2013-10-23","79.26","79.26","79.39","79.14","","0.04%"
"2013-10-24","79.19","79.28","79.32","79.08","","-0.09%"
"2013-10-25","79.19","79.21","79.32","79.00","","0.00%"
"2013-10-28","79.25","79.23","79.38","79.15","","0.08%"
"2013-10-29","79.61","79.32","79.67","79.29","","0.45%"
"2013-10-30","79.78","79.61","79.91","79.45","","0.21%"
"2013-10-31","80.19","79.79","80.27","79.68","","0.51%"
"2013-11-1","80.72","80.23","80.78","80.25","","0.66%"
"2013-11-4","80.55","80.69","80.93","80.53","","-0.21%"
"2013-11-5","80.71","80.56","80.81","80.50","","0.20%"
"2013-11-6","80.48","80.69","80.72","80.38","","-0.28%"
"2013-11-7","80.84","80.52","81.46","80.44","","0.45%"
"2013-11-8","81.30","80.89","81.48","80.78","","0.57%"
"2013-11-11","81.09","81.29","81.34","81.06","","-0.26%"
"2013-11-12","81.19","81.09","81.46","81.02","","0.12%"
"2013-11-13","80.93","81.13","81.28","80.73","","-0.32%"
"2013-11-14","81.02","80.81","81.21","80.74","","0.11%"
"2013-11-15","80.85","81.03","81.15","80.78","","-0.21%"
"2013-11-18","80.83","80.82","80.92","80.56","","-0.02%"
"2013-11-19","80.70","80.74","80.84","80.49","","-0.16%"
"2013-11-20","81.11","80.58","81.13","80.53","","0.51%"
"2013-11-21","81.07","81.06","81.29","80.95","","-0.05%"
"2013-11-22","80.71","81.02","81.09","80.64","","-0.44%"
"2013-11-25","80.92","80.69","81.02","80.68","","0.26%"
"2013-11-26","80.61","80.80","80.90","80.60","","-0.38%"
"2013-11-27","80.72","80.64","80.79","80.48","","0.14%"
"2013-11-28","80.72","80.73","80.75","80.54","","0.00%"
"2013-11-29","80.68","80.57","80.68","80.49","","-0.05%"
"2013-12-2","80.92","80.66","80.96","80.50","","0.30%"
"2013-12-3","80.92","80.89","80.99","80.50","","0.00%"
"2013-12-4","80.62","80.63","80.91","80.54","","-0.37%"
"2013-12-5","80.23","80.64","80.83","80.23","","-0.48%"
"2013-12-6","80.31","80.30","80.61","80.22","","0.10%"
"2013-12-9","80.13","80.25","80.33","80.12","","-0.22%"
"2013-12-10","79.97","80.13","80.18","79.84","","-0.20%"
"2013-12-11","79.89","79.98","80.06","79.76","","-0.10%"
"2013-12-12","80.21","79.90","80.25","79.85","","0.40%"
"2013-12-13","80.21","80.23","80.42","80.16","","0.00%"
"2013-12-16","80.07","80.23","80.22","79.92","","-0.17%"
"2013-12-17","80.06","80.10","80.28","79.98","","-0.01%"
"2013-12-18","80.11","80.05","80.62","79.81","","0.06%"
"2013-12-19","80.63","80.52","80.67","80.47","","0.65%"
"2013-12-20","80.58","80.67","80.83","80.39","","-0.06%"
"2013-12-23","80.45","80.53","80.55","80.31","","-0.16%"
"2013-12-24","80.45","80.44","80.61","80.43","","0.00%"
"2013-12-25","80.45","80.54","80.60","80.45","","0.00%"
"2013-12-26","80.48","80.59","80.62","80.44","","0.04%"
"2013-12-27","80.39","80.51","80.52","79.69","","-0.11%"
"2013-12-30","80.00","80.29","80.43","79.93","","-0.49%"
"2013-12-31","80.03","80.00","80.22","79.97","","0.04%"
"2014-1-1","80.03","80.21","80.24","80.10","","0.00%"
"2014-1-2","80.63","80.12","80.71","80.08","","0.75%"
"2014-1-3","80.79","80.57","80.89","80.49","","0.20%"
"2014-1-6","80.65","80.86","80.91","80.54","","-0.17%"
"2014-1-7","80.83","80.69","80.95","80.60","","0.22%"
"2014-1-8","81.02","80.91","81.17","80.83","","0.24%"
"2014-1-9","81.00","81.08","81.19","80.85","","-0.02%"
"2014-1-10","80.66","80.95","81.14","80.53","","-0.42%"
"2014-1-13","80.51","80.58","80.75","80.47","","-0.19%"
"2014-1-14","80.66","80.58","80.70","80.44","","0.19%"
"2014-1-15","81.03","80.66","81.13","80.65","","0.46%"
"2014-1-16","80.91","81.05","81.12","80.77","","-0.15%"
"2014-1-17","81.22","80.93","81.30","80.91","","0.38%"
"2014-1-20","81.22","81.17","81.30","81.04","","0.00%"
"2014-1-21","81.10","81.18","81.39","81.04","","-0.15%"
"2014-1-22","81.17","81.11","81.21","80.96","","0.09%"
"2014-1-23","80.44","81.23","81.31","80.41","","-0.90%"
"2014-1-24","80.46","80.47","80.56","80.15","","0.02%"
"2014-1-27","80.52","80.46","80.56","80.30","","0.07%"
"2014-1-28","80.57","80.49","80.76","80.39","","0.06%"
"2014-1-29","80.50","80.66","80.82","80.44","","-0.09%"
"2014-1-30","81.08","80.57","81.14","80.55","","0.72%"
"2014-1-31","81.31","81.04","81.32","80.99","","0.28%"
"2014-2-3","81.01","81.28","81.32","80.99","","-0.37%"
"2014-2-4","81.12","81.08","81.22","80.99","","0.14%"
"2014-2-5","81.04","81.12","81.24","80.90","","-0.10%"
"2014-2-6","80.91","81.05","81.23","80.72","","-0.16%"
"2014-2-7","80.69","80.89","81.01","80.60","","-0.27%"
"2014-2-10","80.64","80.77","80.76","80.59","","-0.06%"
"2014-2-11","80.64","80.63","80.67","80.45","","0.00%"
"2014-2-12","80.68","80.62","80.83","80.49","","0.05%"
"2014-2-13","80.32","80.70","80.71","80.19","","-0.45%"
"2014-2-14","80.15","80.32","80.33","80.06","","-0.21%"
"2014-2-17","80.14","80.08","80.18","79.95","","-0.01%"
"2014-2-18","80.01","80.17","80.23","79.96","","-0.16%"
"2014-2-19","80.14","79.97","80.23","79.93","","0.16%"
"2014-2-20","80.29","80.22","80.42","80.03","","0.19%"
"2014-2-21","80.24","80.30","80.41","80.18","","-0.06%"
"2014-2-24","80.20","80.28","80.37","80.11","","-0.05%"
"2014-2-25","80.14","80.22","80.26","80.02","","-0.07%"
"2014-2-26","80.43","80.15","80.52","80.09","","0.36%"
"2014-2-27","80.28","80.42","80.58","80.23","","-0.19%"
"2014-2-28","79.69","80.28","80.31","79.69","","-0.73%"
"2014-3-3","80.08","79.90","80.10","79.77","","0.49%"
"2014-3-4","80.17","80.07","80.21","79.92","","0.11%"
"2014-3-5","80.11","80.14","80.27","80.05","","-0.07%"
"2014-3-6","79.66","80.12","80.20","79.59","","-0.56%"
"2014-3-7","79.72","79.66","79.85","79.43","","0.08%"
"2014-3-10","79.77","79.69","79.83","79.63","","0.06%"
"2014-3-11","79.74","79.75","79.93","79.71","","-0.04%"
"2014-3-12","79.61","79.81","79.86","79.55","","-0.16%"
"2014-3-13","79.62","79.59","79.69","79.27","","0.01%"
"2014-3-14","79.45","79.61","79.70","79.31","","-0.21%"
"2014-3-17","79.39","79.43","79.56","79.28","","-0.08%"
"2014-3-18","79.41","79.39","79.54","79.31","","0.03%"
"2014-3-19","80.00","79.38","80.11","79.36","","0.74%"
"2014-3-20","80.19","80.00","80.35","79.92","","0.24%"
"2014-3-21","80.11","80.18","80.23","80.03","","-0.10%"
"2014-3-24","79.93","80.09","80.29","79.75","","-0.22%"
"2014-3-25","79.94","79.93","80.27","79.86","","0.01%"
"2014-3-26","80.03","79.94","80.14","79.92","","0.11%"
"2014-3-27","80.11","80.04","80.20","79.95","","0.10%"
"2014-3-28","80.18","80.15","80.25","80.06","","0.09%"
"2014-3-31","80.10","80.15","80.30","79.96","","-0.10%"
"2014-4-1","80.09","80.10","80.13","79.97","","-0.01%"
"2014-4-2","80.22","80.06","80.28","80.00","","0.16%"
"2014-4-3","80.47","80.23","80.53","80.12","","0.31%"
"2014-4-4","80.42","80.45","80.60","80.34","","-0.06%"
"2014-4-7","80.23","80.44","80.45","80.19","","-0.24%"
"2014-4-8","79.75","80.22","80.23","79.71","","-0.60%"
"2014-4-9","79.48","79.79","79.88","79.47","","-0.34%"
"2014-4-10","79.38","79.51","79.57","79.33","","-0.13%"
"2014-4-11","79.45","79.41","79.57","79.36","","0.09%"
"2014-4-14","79.73","79.62","79.83","79.56","","0.35%"
"2014-4-15","79.80","79.75","79.90","79.69","","0.09%"
"2014-4-16","79.80","79.78","79.87","79.65","","0.00%"
"2014-4-17","79.83","79.81","79.88","79.58","","0.04%"
"2014-4-18","79.83","79.86","79.89","79.81","","0.00%"
"2014-4-21","79.94","79.89","79.99","79.79","","0.14%"
"2014-4-22","79.91","79.96","79.99","79.79","","-0.04%"
"2014-4-23","79.86","79.89","79.92","79.70","","-0.06%"
"2014-4-24","79.80","79.85","79.97","79.75","","-0.08%"
"2014-4-25","79.75","79.75","79.80","79.66","","-0.06%"
"2014-4-28","79.68","79.74","79.84","79.55","","-0.09%"
"2014-4-29","79.81","79.70","79.84","79.59","","0.16%"
"2014-4-30","79.47","79.81","79.92","79.46","","-0.43%"
"2014-5-1","79.53","79.52","79.54","79.41","","0.08%"
"2014-5-2","79.52","79.52","79.85","79.47","","-0.01%"
"2014-5-5","79.49","79.48","79.53","79.43","","-0.04%"
"2014-5-6","79.09","79.50","79.52","79.06","","-0.50%"
"2014-5-7","79.20","79.14","79.25","79.09","","0.14%"
"2014-5-8","79.36","79.23","79.47","78.91","","0.20%"
"2014-5-9","79.90","79.43","79.92","79.42","","0.68%"
"2014-5-12","79.90","79.90","79.92","79.78","","0.00%"
"2014-5-13","80.14","79.90","80.18","79.86","","0.30%"
"2014-5-14","80.07","80.10","80.12","79.99","","-0.09%"
"2014-5-15","80.00","80.06","80.34","79.92","","-0.09%"
"2014-5-16","80.04","80.01","80.12","79.97","","0.05%"
"2014-5-19","79.99","80.08","80.08","79.88","","-0.06%"
"2014-5-20","80.04","80.03","80.13","80.00","","0.06%"
"2014-5-21","80.09","80.04","80.30","79.89","","0.06%"
"2014-5-22","80.25","80.07","80.28","80.07","","0.20%"
"2014-5-23","80.39","80.23","80.44","80.23","","0.17%"
"2014-5-26","80.39","80.40","80.43","80.24","","0.00%"
"2014-5-27","80.35","80.29","80.47","80.17","","-0.05%"
"2014-5-28","80.57","80.34","80.58","80.32","","0.27%"
"2014-5-29","80.49","80.54","80.56","80.36","","-0.10%"
"2014-5-30","80.37","80.49","80.50","80.31","","-0.15%"
"2014-6-2","80.64","80.36","80.68","80.39","","0.34%"
"2014-6-3","80.55","80.63","80.66","80.43","","-0.11%"
"2014-6-4","80.66","80.56","80.68","80.48","","0.14%"
"2014-6-5","80.37","80.65","81.02","80.32","","-0.36%"
"2014-6-6","80.41","80.36","80.53","80.24","","0.05%"
"2014-6-9","80.65","80.43","80.69","80.30","","0.30%"
"2014-6-10","80.82","80.63","80.86","80.55","","0.21%"
"2014-6-11","80.77","80.79","80.90","80.67","","-0.06%"
"2014-6-12","80.58","80.77","80.82","80.52","","-0.24%"
"2014-6-13","80.58","80.58","80.71","80.44","","0.00%"
"2014-6-16","80.47","80.61","80.71","80.42","","-0.14%"
"2014-6-17","80.63","80.45","80.66","80.40","","0.20%"
"2014-6-18","80.58","80.61","80.67","80.36","","-0.06%"
"2014-6-19","80.32","80.41","80.41","80.15","","-0.32%"
"2014-6-20","80.37","80.31","80.49","80.20","","0.06%"
"2014-6-23","80.27","80.37","80.40","80.23","","-0.12%"
"2014-6-24","80.33","80.27","80.43","80.19","","0.07%"
"2014-6-25","80.22","80.32","80.35","80.09","","-0.14%"
"2014-6-26","80.22","80.21","80.38","80.14","","0.00%"
"2014-6-27","80.02","80.21","80.22","80.01","","-0.25%"
"2014-6-30","79.78","80.04","80.08","79.76","","-0.30%"
"2014-7-1","79.81","79.79","79.87","79.74","","0.04%"
"2014-7-2","79.96","79.81","80.00","79.80","","0.19%"
"2014-7-3","80.21","79.95","80.31","79.95","","0.31%"
"2014-7-4","80.27","80.22","80.30","80.18","","0.07%"
"2014-7-7","80.22","80.25","80.36","80.19","","-0.06%"
"2014-7-8","80.18","80.22","80.30","80.14","","-0.05%"
"2014-7-9","79.99","80.17","80.23","79.98","","-0.24%"
"2014-7-10","80.13","80.02","80.20","79.98","","0.18%"
"2014-7-11","80.19","80.12","80.23","80.03","","0.07%"
"2014-7-14","80.19","80.22","80.25","80.08","","0.00%"
"2014-7-15","80.39","80.17","80.41","80.14","","0.25%"
"2014-7-16","80.56","80.39","80.58","80.38","","0.21%"
"2014-7-17","80.50","80.53","80.59","80.47","","-0.07%"
"2014-7-18","80.52","80.54","80.69","80.48","","0.02%"
"2014-7-21","80.56","80.52","80.60","80.42","","0.05%"
"2014-7-22","80.78","80.56","80.84","80.54","","0.27%"
"2014-7-23","80.82","80.78","80.83","80.72","","0.05%"
"2014-7-24","80.87","80.83","80.91","80.73","","0.06%"
"2014-7-25","81.03","80.86","81.08","80.80","","0.20%"
"2014-7-28","81.03","81.04","81.05","80.98","","0.00%"
"2014-7-29","81.21","81.01","81.25","80.99","","0.22%"
"2014-7-30","81.43","81.21","81.55","81.18","","0.27%"
"2014-7-31","81.46","81.42","81.57","81.38","","0.04%"
"2014-8-1","81.30","81.44","81.53","81.19","","-0.20%"
"2014-8-4","81.33","81.30","81.38","81.29","","0.04%"
"2014-8-5","81.33","81.32","81.63","81.29","","0.00%"
"2014-8-6","81.44","81.54","81.72","81.40","","0.14%"
"2014-8-7","81.52","81.42","81.64","81.38","","0.10%"
"2014-8-8","81.45","81.53","81.60","81.26","","-0.09%"
"2014-8-11","81.47","81.42","81.49","81.40","","0.02%"
"2014-8-12","81.50","81.46","81.68","81.47","","0.04%"
"2014-8-13","81.60","81.52","81.68","81.36","","0.12%"
"2014-8-14","81.59","81.61","81.69","81.41","","-0.01%"
"2014-8-15","81.42","81.60","81.62","81.38","","-0.21%"
"2014-8-18","81.58","81.43","81.61","81.38","","0.20%"
"2014-8-19","81.88","81.58","81.90","81.59","","0.37%"
"2014-8-20","82.23","81.87","82.28","81.87","","0.43%"
"2014-8-21","82.15","82.24","82.36","82.10","","-0.10%"
"2014-8-22","82.34","82.16","82.46","82.06","","0.23%"
"2014-8-25","82.55","82.61","82.59","82.45","","0.26%"
"2014-8-26","82.65","82.59","82.70","82.43","","0.12%"
"2014-8-27","82.43","82.67","82.73","82.40","","-0.27%"
"2014-8-28","82.48","82.47","82.59","82.31","","0.06%"
"2014-8-29","82.75","82.48","82.75","82.42","","0.33%"
"2014-9-1","82.75","82.77","82.80","82.67","","0.00%"
"2014-9-2","82.99","82.76","83.04","82.75","","0.29%"
"2014-9-3","82.86","82.97","83.06","82.83","","-0.16%"
"2014-9-4","83.82","82.84","83.86","82.84","","1.16%"
"2014-9-5","83.74","83.84","83.94","83.56","","-0.10%"
"2014-9-8","84.23","83.83","84.35","83.80","","0.59%"
"2014-9-9","84.28","84.31","84.52","84.03","","0.06%"
"2014-9-10","84.28","84.14","84.42","84.05","","0.00%"
"2014-9-11","84.30","84.20","84.34","84.07","","0.02%"
"2014-9-12","84.24","84.27","84.41","84.08","","-0.07%"
"2014-9-15","84.26","84.11","84.41","84.15","","0.02%"
"2014-9-16","84.07","84.24","84.37","83.86","","-0.23%"
"2014-9-17","84.34","84.10","84.78","83.94","","0.32%"
"2014-9-18","84.32","84.80","84.74","84.22","","-0.02%"
"2014-9-19","84.73","84.28","84.80","84.23","","0.49%"
"2014-9-22","84.75","84.78","84.86","84.52","","0.02%"
"2014-9-23","84.66","84.68","84.76","84.36","","-0.11%"
"2014-9-24","85.04","84.71","85.09","84.60","","0.45%"
"2014-9-25","85.19","85.10","85.48","85.05","","0.18%"
"2014-9-26","85.64","85.14","85.69","85.11","","0.53%"
"2014-9-29","85.59","85.62","85.80","85.46","","-0.06%"
"2014-9-30","85.94","85.61","86.22","85.49","","0.41%"
"2014-10-1","85.97","85.92","86.18","85.78","","0.03%"
"2014-10-2","85.60","85.88","85.90","85.45","","-0.43%"
"2014-10-3","86.69","85.62","86.75","85.63","","1.27%"
"2014-10-6","85.93","86.64","86.67","85.64","","-0.88%"
"2014-10-7","85.67","85.79","86.10","85.55","","-0.30%"
"2014-10-8","85.30","85.61","85.92","85.20","","-0.43%"
"2014-10-9","85.52","85.28","85.67","84.94","","0.26%"
"2014-10-10","85.91","85.55","85.98","85.40","","0.46%"
"2014-10-13","85.53","85.82","85.75","85.06","","-0.44%"
"2014-10-14","85.82","85.25","85.88","85.28","","0.34%"
"2014-10-15","85.15","85.90","86.01","84.47","","-0.78%"
"2014-10-16","84.95","84.91","85.43","84.74","","-0.23%"
"2014-10-17","85.11","84.91","85.25","84.76","","0.19%"
"2014-10-20","84.95","85.28","85.38","84.91","","-0.19%"
"2014-10-21","85.30","85.02","85.41","84.74","","0.41%"
"2014-10-22","85.74","85.38","85.79","85.23","","0.52%"
"2014-10-23","85.84","85.74","85.94","85.66","","0.12%"
"2014-10-24","85.73","85.84","85.91","85.54","","-0.13%"
"2014-10-27","85.50","85.70","85.71","85.41","","-0.27%"
"2014-10-28","85.41","85.57","85.68","85.24","","-0.11%"
"2014-10-29","85.95","85.40","86.05","85.19","","0.63%"
"2014-10-30","86.15","85.98","86.49","85.99","","0.23%"
"2014-10-31","86.92","86.18","87.13","86.15","","0.89%"
"2014-11-3","87.31","87.08","87.41","87.02","","0.45%"
"2014-11-4","86.98","87.25","87.30","86.88","","-0.38%"
"2014-11-5","87.44","87.01","87.61","86.94","","0.53%"
"2014-11-6","88.01","87.43","88.15","87.13","","0.65%"
"2014-11-7","87.64","88.06","88.19","87.47","","-0.42%"
"2014-11-10","87.81","87.43","87.83","87.22","","0.19%"
"2014-11-11","87.53","87.81","88.06","87.36","","-0.32%"
"2014-11-12","87.82","87.60","87.90","87.39","","0.33%"
"2014-11-13","87.67","87.81","87.88","87.62","","-0.17%"
"2014-11-14","87.53","87.80","88.27","87.40","","-0.16%"
"2014-11-17","87.93","87.51","88.00","87.18","","0.46%"
"2014-11-18","87.58","87.93","87.97","87.51","","-0.40%"
"2014-11-19","87.65","87.67","87.78","87.34","","0.08%"
"2014-11-20","87.59","87.67","87.94","87.49","","-0.07%"
"2014-11-21","88.31","87.63","88.39","87.45","","0.82%"
"2014-11-24","88.15","88.44","88.44","88.07","","-0.18%"
"2014-11-25","87.92","88.20","88.33","87.82","","-0.26%"
"2014-11-26","87.61","87.84","88.04","87.52","","-0.35%"
"2014-11-27","87.61","87.68","88.03","87.53","","0.00%"
"2014-11-28","88.36","88.07","88.39","87.94","","0.86%"
"2014-12-1","87.95","88.16","88.45","87.78","","-0.46%"
"2014-12-2","88.65","87.98","88.67","87.95","","0.80%"
"2014-12-3","88.96","88.60","89.00","88.58","","0.35%"
"2014-12-4","88.70","88.94","89.12","88.21","","-0.29%"
"2014-12-5","89.33","88.58","89.47","88.58","","0.71%"
"2014-12-8","89.04","89.40","89.55","88.91","","-0.32%"
"2014-12-9","88.69","89.18","89.27","88.16","","-0.39%"
"2014-12-10","88.27","88.65","88.81","88.19","","-0.47%"
"2014-12-11","88.66","87.93","88.79","87.91","","0.44%"
"2014-12-12","88.36","88.59","88.64","88.11","","-0.34%"
"2014-12-15","88.46","88.21","88.63","88.17","","0.11%"
"2014-12-16","88.12","88.44","88.51","87.63","","-0.38%"
"2014-12-17","89.13","88.02","89.14","87.90","","1.15%"
"2014-12-18","89.23","89.13","89.40","88.92","","0.11%"
"2014-12-19","89.60","89.24","89.65","89.18","","0.41%"
"2014-12-22","89.77","89.63","89.79","89.37","","0.19%"
"2014-12-23","90.06","89.77","90.16","89.63","","0.32%"
"2014-12-24","89.97","90.04","90.08","89.81","","-0.10%"
"2014-12-25","89.97","89.93","89.96","89.65","","0.00%"
"2014-12-26","90.03","89.87","90.08","89.78","","0.07%"
"2014-12-29","90.19","89.98","90.27","89.79","","0.18%"
"2014-12-30","89.99","90.19","90.33","89.81","","-0.22%"
"2014-12-31","90.27","89.93","90.30","89.86","","0.31%"
"2015-1-1","90.27","90.28","90.38","90.24","","0.00%"
"2015-1-2","91.08","90.36","91.16","90.33","","0.90%"
"2015-1-5","91.38","91.13","91.78","91.23","","0.33%"
"2015-1-6","91.50","91.38","91.81","91.12","","0.13%"
"2015-1-7","91.89","91.75","92.27","91.65","","0.43%"
"2015-1-8","92.37","91.94","92.53","91.94","","0.52%"
"2015-1-9","91.94","92.31","92.50","91.89","","-0.47%"
"2015-1-12","91.98","91.88","92.34","91.72","","0.04%"
"2015-1-13","92.31","92.03","92.43","91.81","","0.36%"
"2015-1-14","92.16","92.23","92.42","91.61","","-0.16%"
"2015-1-15","92.35","92.16","92.75","91.51","","0.21%"
"2015-1-16","92.52","92.10","93.26","92.08","","0.18%"
"2015-1-19","92.52","92.71","92.72","92.33","","0.00%"
"2015-1-20","93.05","92.66","93.10","92.55","","0.57%"
"2015-1-21","92.90","93.07","93.09","92.15","","-0.16%"
"2015-1-22","94.08","92.89","94.50","92.48","","1.27%"
"2015-1-23","94.76","94.21","95.48","94.11","","0.72%"
"2015-1-26","94.80","95.23","95.33","94.59","","0.04%"
"2015-1-27","94.02","94.91","95.01","93.70","","-0.82%"
"2015-1-28","94.47","94.19","94.69","93.97","","0.48%"
"2015-1-29","94.78","94.58","95.01","94.33","","0.33%"
"2015-1-30","94.80","94.67","94.92","94.43","","0.02%"
"2015-2-2","94.50","94.58","94.88","94.37","","-0.32%"
"2015-2-3","93.60","94.57","94.70","93.25","","-0.95%"
"2015-2-4","93.99","93.71","94.59","93.61","","0.42%"
"2015-2-5","93.57","94.40","94.55","93.42","","-0.45%"
"2015-2-6","95.85","93.60","95.85","93.52","","2.44%"
"2015-2-9","94.45","94.81","94.88","94.36","","-1.46%"
"2015-2-10","94.76","94.54","94.88","94.40","","0.33%"
"2015-2-11","94.98","94.69","95.11","94.64","","0.23%"
"2015-2-12","94.09","94.88","94.97","93.98","","-0.94%"
"2015-2-13","94.20","94.20","94.31","93.90","","0.12%"
"2015-2-16","94.20","94.10","94.54","93.90","","0.00%"
"2015-2-17","94.06","94.42","94.51","93.80","","-0.15%"
"2015-2-18","94.20","94.16","94.53","93.98","","0.15%"
"2015-2-19","94.40","94.11","94.45","93.83","","0.21%"
"2015-2-20","94.34","94.41","94.79","94.05","","-0.06%"
"2015-2-23","94.57","94.22","94.92","94.28","","0.24%"
"2015-2-24","94.49","94.58","94.98","94.43","","-0.08%"
"2015-2-25","94.21","94.41","94.48","94.13","","-0.30%"
"2015-2-26","95.29","94.19","95.36","94.06","","1.15%"
"2015-2-27","95.32","95.19","95.36","94.91","","0.03%"
"2015-3-2","95.46","95.38","95.51","95.06","","0.15%"
"2015-3-3","95.38","95.50","95.57","95.10","","-0.08%"
"2015-3-4","95.97","95.39","96.06","95.32","","0.62%"
"2015-3-5","96.38","95.95","96.59","95.84","","0.43%"
"2015-3-6","97.61","96.35","97.73","96.30","","1.28%"
"2015-3-9","97.59","97.80","97.78","97.29","","-0.02%"
"2015-3-10","98.62","97.73","98.81","97.78","","1.06%"
"2015-3-11","99.80","98.64","99.98","98.49","","1.20%"
"2015-3-12","99.44","99.68","100.06","98.65","","-0.36%"
"2015-3-13","100.33","99.21","100.39","99.20","","0.90%"
"2015-3-16","99.60","100.32","100.27","99.32","","-0.73%"
"2015-3-17","99.58","99.68","99.83","99.23","","-0.02%"
"2015-3-18","98.55","99.63","99.80","96.63","","-1.03%"
"2015-3-19","99.26","97.81","99.46","97.21","","0.72%"
"2015-3-20","97.91","99.07","99.12","97.45","","-1.36%"
"2015-3-23","97.03","97.65","98.24","96.83","","-0.90%"
"2015-3-24","97.19","96.92","97.38","96.39","","0.16%"
"2015-3-25","96.98","97.22","97.30","96.54","","-0.22%"
"2015-3-26","97.44","96.90","97.55","96.17","","0.47%"
"2015-3-27","97.29","97.38","97.92","96.99","","-0.15%"
"2015-3-30","97.97","97.37","98.07","97.42","","0.70%"
"2015-3-31","98.36","97.92","98.67","97.83","","0.40%"
"2015-4-1","98.19","98.42","98.64","97.98","","-0.17%"
"2015-4-2","97.44","98.18","98.28","97.33","","-0.76%"
"2015-4-3","96.55","97.56","97.61","96.39","","-0.91%"
"2015-4-6","96.78","96.59","97.24","96.33","","0.24%"
"2015-4-7","97.83","97.05","98.02","96.93","","1.08%"
"2015-4-8","97.94","97.86","98.20","97.25","","0.11%"
"2015-4-9","99.16","98.04","99.18","98.04","","1.25%"
"2015-4-10","99.34","98.97","99.69","98.84","","0.18%"
"2015-4-13","99.49","99.47","99.99","99.23","","0.15%"
"2015-4-14","98.73","99.46","99.70","98.37","","-0.76%"
"2015-4-15","98.32","98.79","99.36","98.22","","-0.42%"
"2015-4-16","97.42","98.39","98.72","97.28","","-0.92%"
"2015-4-17","97.52","97.65","97.82","97.00","","0.10%"
"2015-4-20","97.94","97.34","98.07","97.33","","0.43%"
"2015-4-21","98.00","97.95","98.45","97.64","","0.06%"
"2015-4-22","97.93","97.95","98.12","97.43","","-0.07%"
"2015-4-23","97.28","98.05","98.42","97.14","","-0.66%"
"2015-4-24","96.92","97.33","97.56","96.75","","-0.37%"
"2015-4-27","96.77","96.95","97.28","96.47","","-0.15%"
"2015-4-28","96.09","96.79","96.93","96.01","","-0.70%"
"2015-4-29","95.21","96.12","96.18","94.68","","-0.92%"
"2015-4-30","94.60","95.20","95.45","94.40","","-0.64%"
"2015-5-1","95.30","94.83","95.40","94.50","","0.74%"
"2015-5-4","95.48","95.25","95.64","95.04","","0.19%"
"2015-5-5","95.08","95.44","95.95","94.88","","-0.42%"
"2015-5-6","94.09","95.18","95.22","93.88","","-1.04%"
"2015-5-7","94.64","94.11","94.83","93.89","","0.58%"
"2015-5-8","94.79","94.64","95.06","94.32","","0.16%"
"2015-5-11","95.01","94.79","95.26","94.80","","0.23%"
"2015-5-12","94.53","95.06","95.16","94.24","","-0.51%"
"2015-5-13","93.62","94.55","94.59","93.46","","-0.96%"
"2015-5-14","93.46","93.64","93.76","93.13","","-0.17%"
"2015-5-15","93.14","93.41","94.03","93.14","","-0.34%"
"2015-5-18","94.22","93.23","94.27","93.27","","1.16%"
"2015-5-19","95.27","94.12","95.47","94.09","","1.11%"
"2015-5-20","95.45","95.31","95.84","95.26","","0.19%"
"2015-5-21","95.25","95.59","95.65","94.97","","-0.21%"
"2015-5-22","96.11","95.40","96.27","94.82","","0.90%"
"2015-5-25","96.01","96.23","96.47","96.17","","-0.10%"
"2015-5-26","97.30","96.39","97.36","96.45","","1.34%"
"2015-5-27","97.37","97.22","97.78","96.89","","0.07%"
"2015-5-28","96.97","97.26","97.63","96.86","","-0.41%"
"2015-5-29","96.91","96.89","97.19","96.75","","-0.06%"
"2015-6-1","97.39","96.90","97.68","96.93","","0.50%"
"2015-6-2","95.83","97.43","97.53","95.67","","-1.60%"
"2015-6-3","95.47","95.94","96.51","95.21","","-0.38%"
"2015-6-4","95.46","95.42","95.62","94.65","","-0.01%"
"2015-6-5","96.31","95.76","96.91","95.36","","0.89%"
"2015-6-8","95.30","96.47","96.55","95.05","","-1.05%"
"2015-6-9","95.17","95.26","95.58","94.84","","-0.14%"
"2015-6-10","94.65","95.14","95.23","94.32","","-0.55%"
"2015-6-11","94.98","94.70","95.59","94.71","","0.35%"
"2015-6-12","94.97","95.09","95.68","94.69","","-0.01%"
"2015-6-15","94.81","95.16","95.39","94.73","","-0.17%"
"2015-6-16","95.00","94.83","95.23","94.56","","0.20%"
"2015-6-17","94.30","94.95","95.18","94.11","","-0.74%"
"2015-6-18","94.04","94.22","94.23","93.56","","-0.28%"
"2015-6-19","94.08","94.03","94.50","93.90","","0.04%"
"2015-6-22","94.33","94.00","94.45","93.81","","0.27%"
"2015-6-23","95.43","94.29","95.64","94.30","","1.17%"
"2015-6-24","95.26","95.37","95.54","94.93","","-0.18%"
"2015-6-25","95.19","95.28","95.51","95.09","","-0.07%"
"2015-6-26","95.47","95.17","95.67","95.08","","0.29%"
"2015-6-29","94.79","96.11","96.37","94.68","","-0.71%"
"2015-6-30","95.48","95.04","95.68","94.85","","0.73%"
"2015-7-1","96.31","95.58","96.35","95.47","","0.87%"
"2015-7-2","96.11","96.32","96.42","95.87","","-0.21%"
"2015-7-3","96.11","96.09","96.22","95.87","","0.00%"
"2015-7-6","96.30","96.42","96.62","96.02","","0.20%"
"2015-7-7","96.86","96.28","97.23","96.31","","0.58%"
"2015-7-8","96.29","96.68","96.88","96.12","","-0.59%"
"2015-7-9","96.61","96.23","96.75","95.97","","0.33%"
"2015-7-10","96.03","96.38","96.39","95.45","","-0.60%"
"2015-7-13","96.86","96.09","96.86","95.63","","0.86%"
"2015-7-14","96.64","96.81","97.05","96.27","","-0.23%"
"2015-7-15","97.17","96.66","97.31","96.53","","0.55%"
"2015-7-16","97.67","97.13","97.76","97.17","","0.51%"
"2015-7-17","97.86","97.66","97.98","97.42","","0.19%"
"2015-7-20","98.03","97.93","98.15","97.73","","0.17%"
"2015-7-21","97.33","98.02","98.15","97.14","","-0.71%"
"2015-7-22","97.60","97.34","97.79","97.11","","0.28%"
"2015-7-23","97.11","97.45","97.51","96.89","","-0.50%"
"2015-7-24","97.24","97.19","97.62","97.12","","0.13%"
"2015-7-27","96.50","97.20","97.29","96.29","","-0.76%"
"2015-7-28","96.77","96.58","96.97","96.47","","0.28%"
"2015-7-29","96.98","96.64","97.25","96.50","","0.22%"
"2015-7-30","97.56","97.13","97.77","97.17","","0.60%"
"2015-7-31","97.34","97.47","97.60","96.31","","-0.23%"
"2015-8-3","97.49","97.22","97.58","97.16","","0.15%"
"2015-8-4","97.93","97.48","98.00","97.21","","0.45%"
"2015-8-5","97.96","97.92","98.22","97.64","","0.03%"
"2015-8-6","97.83","97.88","98.16","97.63","","-0.13%"
"2015-8-7","97.56","97.79","98.33","97.51","","-0.28%"
"2015-8-10","97.16","97.54","97.92","97.04","","-0.41%"
"2015-8-11","97.29","97.19","97.59","96.88","","0.13%"
"2015-8-12","96.26","97.18","97.33","95.93","","-1.06%"
"2015-8-13","96.44","96.34","96.81","96.12","","0.19%"
"2015-8-14","96.52","96.37","96.67","96.09","","0.08%"
"2015-8-17","96.81","96.56","96.94","96.51","","0.30%"
"2015-8-18","97.04","96.84","97.07","96.68","","0.24%"
"2015-8-19","96.36","97.00","97.08","96.34","","-0.70%"
"2015-8-20","95.98","96.45","96.58","95.71","","-0.39%"
"2015-8-21","95.01","95.81","95.82","94.80","","-1.01%"
"2015-8-24","93.33","94.86","94.96","92.62","","-1.77%"
"2015-8-25","94.53","93.38","94.69","93.49","","1.29%"
"2015-8-26","95.10","93.96","95.44","93.72","","0.60%"
"2015-8-27","95.61","95.19","96.03","94.98","","0.54%"
"2015-8-28","96.11","95.76","96.32","95.38","","0.52%"
"2015-8-31","95.82","96.19","96.25","95.62","","-0.30%"
"2015-9-1","95.45","95.93","95.93","95.19","","-0.39%"
"2015-9-2","95.83","95.41","95.98","95.41","","0.40%"
"2015-9-3","96.41","95.95","96.62","95.79","","0.61%"
"2015-9-4","96.23","96.37","96.58","95.97","","-0.19%"
"2015-9-7","96.23","96.15","96.42","96.04","","0.00%"
"2015-9-8","95.98","96.15","96.24","95.73","","-0.26%"
"2015-9-9","96.01","95.84","96.41","95.85","","0.03%"
"2015-9-10","95.46","95.91","96.19","95.40","","-0.57%"
"2015-9-11","95.19","95.47","95.69","95.11","","-0.28%"
"2015-9-14","95.25","95.20","95.45","94.91","","0.06%"
"2015-9-15","95.61","95.30","95.68","95.12","","0.38%"
"2015-9-16","95.42","95.57","95.84","95.16","","-0.20%"
"2015-9-17","94.55","95.31","95.39","94.36","","-0.91%"
"2015-9-18","94.86","94.57","95.38","94.06","","0.33%"
"2015-9-21","95.89","95.36","95.98","95.04","","1.09%"
"2015-9-22","96.28","95.92","96.40","95.76","","0.41%"
"2015-9-23","96.07","96.31","96.55","96.02","","-0.22%"
"2015-9-24","96.69","96.23","96.69","95.46","","0.65%"
"2015-9-25","96.27","96.24","96.70","96.12","","-0.43%"
"2015-9-28","96.03","96.29","96.50","95.90","","-0.25%"
"2015-9-29","95.86","96.02","96.24","95.71","","-0.18%"
"2015-9-30","96.35","95.91","96.41","95.85","","0.51%"
"2015-10-1","96.19","96.27","96.49","95.97","","-0.17%"
"2015-10-2","95.83","96.14","96.38","95.22","","-0.37%"
"2015-10-5","96.11","95.84","96.17","95.45","","0.29%"
"2015-10-6","95.45","96.05","96.16","95.40","","-0.69%"
"2015-10-7","95.50","95.47","95.70","95.33","","0.05%"
"2015-10-8","95.32","95.57","95.61","94.98","","-0.19%"
"2015-10-9","94.81","95.23","95.34","94.69","","-0.54%"
"2015-10-12","94.84","94.86","94.90","94.62","","0.03%"
"2015-10-13","94.76","94.90","94.98","94.54","","-0.08%"
"2015-10-14","93.93","94.76","94.76","93.84","","-0.88%"
"2015-10-15","94.37","93.95","94.59","93.81","","0.47%"
"2015-10-16","94.54","94.47","94.77","94.37","","0.18%"
"2015-10-19","94.93","94.67","95.00","94.55","","0.41%"
"2015-10-20","94.91","94.93","94.95","94.59","","-0.02%"
"2015-10-21","95.03","94.85","95.08","94.72","","0.13%"
"2015-10-22","96.38","95.04","96.54","94.94","","1.42%"
"2015-10-23","97.13","96.40","97.20","96.15","","0.78%"
"2015-10-26","96.86","97.15","97.15","96.68","","-0.28%"
"2015-10-27","96.91","96.80","96.97","96.58","","0.05%"
"2015-10-28","97.78","96.95","97.82","96.47","","0.90%"
"2015-10-29","97.28","97.61","97.69","97.19","","-0.51%"
"2015-10-30","96.95","97.19","97.35","96.58","","-0.34%"
"2015-11-2","96.93","96.69","96.97","96.64","","-0.02%"
"2015-11-3","97.16","96.90","97.48","96.77","","0.24%"
"2015-11-4","97.95","97.20","98.05","97.17","","0.81%"
"2015-11-5","97.94","97.94","98.14","97.75","","-0.01%"
"2015-11-6","99.17","97.95","99.34","97.89","","1.26%"
"2015-11-9","98.98","99.27","99.27","98.82","","-0.19%"
"2015-11-10","99.29","99.01","99.50","98.94","","0.31%"
"2015-11-11","99.01","99.10","99.24","98.78","","-0.28%"
"2015-11-12","98.65","98.82","99.29","98.43","","-0.36%"
"2015-11-13","99.00","98.57","99.21","98.53","","0.35%"
"2015-11-16","99.44","99.00","99.46","98.87","","0.44%"
"2015-11-17","99.63","99.40","99.75","99.36","","0.19%"
"2015-11-18","99.65","99.65","99.85","99.31","","0.02%"
"2015-11-19","98.99","99.41","99.48","98.73","","-0.66%"
"2015-11-20","99.56","99.09","99.65","99.00","","0.58%"
"2015-11-23","99.80","99.66","100.00","99.53","","0.24%"
"2015-11-24","99.53","99.68","99.78","99.47","","-0.27%"
"2015-11-25","99.80","99.56","100.17","99.31","","0.27%"
"2015-11-26","99.80","99.74","99.91","99.71","","0.00%"
"2015-11-27","100.02","99.86","100.20","99.66","","0.22%"
"2015-11-30","100.17","100.08","100.31","100.05","","0.15%"
"2015-12-1","99.80","100.23","100.26","99.72","","-0.37%"
"2015-12-2","99.99","99.83","100.51","99.80","","0.19%"
"2015-12-3","97.62","100.01","100.47","97.59","","-2.37%"
"2015-12-4","98.35","97.83","98.61","97.75","","0.75%"
"2015-12-7","98.66","98.38","98.90","98.30","","0.32%"
"2015-12-8","98.47","98.73","98.76","98.33","","-0.19%"
"2015-12-9","97.34","98.45","98.52","97.22","","-1.15%"
"2015-12-10","97.94","97.41","97.99","97.36","","0.62%"
"2015-12-11","97.56","97.98","98.09","97.33","","-0.39%"
"2015-12-14","97.60","97.61","97.93","97.28","","0.04%"
"2015-12-15","98.22","97.64","98.29","97.19","","0.64%"
"2015-12-16","97.87","98.19","98.60","97.66","","-0.36%"
"2015-12-17","99.27","98.56","99.29","98.53","","1.43%"
"2015-12-18","98.70","99.02","99.18","98.64","","-0.57%"
"2015-12-21","98.36","98.68","98.84","98.29","","-0.34%"
"2015-12-22","98.23","98.46","98.51","98.00","","-0.13%"
"2015-12-23","98.34","98.21","98.60","98.19","","0.11%"
"2015-12-24","97.98","98.33","98.38","97.86","","-0.37%"
"2015-12-25","97.98","97.87","98.02","97.83","","0.00%"
"2015-12-28","97.92","97.95","98.03","97.81","","-0.06%"
"2015-12-29","98.10","97.90","98.41","97.80","","0.18%"
"2015-12-30","98.27","98.21","98.41","98.11","","0.17%"
"2015-12-31","98.63","98.22","98.78","98.18","","0.37%"
"2016-1-1","98.63","98.69","98.69","98.63","","0.00%"
"2016-1-4","98.87","98.59","99.18","98.05","","0.24%"
"2016-1-5","99.40","98.87","99.63","98.75","","0.54%"
"2016-1-6","99.18","99.39","99.58","99.11","","-0.22%"
"2016-1-7","98.22","99.21","99.30","98.17","","-0.97%"
"2016-1-8","98.54","98.30","99.18","98.27","","0.33%"
"2016-1-11","98.72","98.41","98.89","98.25","","0.18%"
"2016-1-12","98.97","98.80","99.28","98.57","","0.25%"
"2016-1-13","98.93","99.03","99.33","98.86","","-0.04%"
"2016-1-14","99.09","98.82","99.26","98.59","","0.16%"
"2016-1-15","98.96","99.10","99.12","98.38","","-0.13%"
"2016-1-18","98.96","98.80","99.20","98.80","","0.00%"
"2016-1-19","98.99","99.12","99.31","98.86","","0.03%"
"2016-1-20","99.09","99.02","99.19","98.63","","0.10%"
"2016-1-21","99.06","99.19","99.80","98.91","","-0.03%"
"2016-1-22","99.57","99.18","99.59","99.11","","0.51%"
"2016-1-25","99.36","99.52","99.55","99.23","","-0.21%"
"2016-1-26","99.36","99.30","99.45","99.00","","0.00%"
"2016-1-27","98.90","99.02","99.16","98.71","","-0.46%"
"2016-1-28","98.51","98.88","99.11","98.42","","-0.39%"
"2016-1-29","99.61","98.65","99.83","98.58","","1.12%"
"2016-2-1","99.01","99.55","99.63","98.93","","-0.60%"
"2016-2-2","98.87","98.99","99.09","98.75","","-0.14%"
"2016-2-3","97.29","98.83","98.94","96.89","","-1.60%"
"2016-2-4","96.47","97.29","97.47","96.26","","-0.84%"
"2016-2-5","97.03","96.56","97.27","96.32","","0.58%"
"2016-2-8","96.57","97.06","97.48","96.54","","-0.47%"
"2016-2-9","96.07","96.73","96.83","95.66","","-0.52%"
"2016-2-10","95.89","96.06","96.72","95.76","","-0.19%"
"2016-2-11","95.56","95.89","95.90","95.24","","-0.34%"
"2016-2-12","95.94","95.50","96.22","95.46","","0.40%"
"2016-2-15","95.98","96.08","96.88","95.94","","0.04%"
"2016-2-16","96.87","96.58","96.99","96.38","","0.93%"
"2016-2-17","96.79","96.94","97.10","96.63","","-0.08%"
"2016-2-18","96.95","96.89","97.09","96.69","","0.17%"
"2016-2-19","96.60","96.87","97.17","96.56","","-0.36%"
"2016-2-22","97.38","96.78","97.60","96.73","","0.81%"
"2016-2-23","97.48","97.36","97.58","97.14","","0.10%"
"2016-2-24","97.46","97.47","97.92","97.23","","-0.02%"
"2016-2-25","97.29","97.49","97.72","97.22","","-0.17%"
"2016-2-26","98.15","97.40","98.26","97.10","","0.88%"
"2016-2-29","98.21","98.17","98.37","97.80","","0.06%"
"2016-3-1","98.35","98.18","98.57","98.09","","0.14%"
"2016-3-2","98.21","98.26","98.58","98.12","","-0.14%"
"2016-3-3","97.59","98.20","98.35","97.46","","-0.63%"
"2016-3-4","97.34","97.67","98.03","97.02","","-0.26%"
"2016-3-7","97.07","97.40","97.70","97.04","","-0.28%"
"2016-3-8","97.21","97.11","97.27","96.89","","0.14%"
"2016-3-9","97.17","97.22","97.57","96.93","","-0.04%"
"2016-3-10","96.07","97.23","98.42","95.94","","-1.13%"
"2016-3-11","96.17","96.17","96.72","95.94","","0.10%"
"2016-3-14","96.62","96.31","96.71","96.14","","0.47%"
"2016-3-15","96.63","96.60","96.87","96.47","","0.01%"
"2016-3-16","95.89","96.67","97.06","95.54","","-0.77%"
"2016-3-17","94.76","95.75","95.83","94.65","","-1.18%"
"2016-3-18","95.09","94.77","95.17","94.58","","0.35%"
"2016-3-21","95.29","95.15","95.41","95.00","","0.21%"
"2016-3-22","95.65","95.43","95.75","95.26","","0.38%"
"2016-3-23","96.05","95.64","96.23","95.62","","0.42%"
"2016-3-24","96.14","96.07","96.36","96.04","","0.09%"
"2016-3-25","96.14","96.11","96.36","96.11","","0.00%"
"2016-3-28","95.94","96.27","96.40","95.84","","-0.21%"
"2016-3-29","95.16","95.96","96.22","95.09","","-0.81%"
"2016-3-30","94.84","95.21","95.22","94.59","","-0.34%"
"2016-3-31","94.59","94.84","95.03","94.32","","-0.26%"
"2016-4-1","94.62","94.64","95.11","94.33","","0.03%"
"2016-4-4","94.51","94.56","94.83","94.41","","-0.12%"
"2016-4-5","94.63","94.58","94.98","94.45","","0.13%"
"2016-4-6","94.43","94.60","95.07","94.24","","-0.21%"
"2016-4-7","94.48","94.48","94.67","94.02","","0.05%"
"2016-4-8","94.23","94.56","94.68","94.09","","-0.26%"
"2016-4-11","93.95","94.10","94.34","93.75","","-0.30%"
"2016-4-12","93.96","93.99","94.39","93.63","","0.01%"
"2016-4-13","94.74","94.05","94.85","94.00","","0.83%"
"2016-4-14","94.90","94.81","95.20","94.68","","0.17%"
"2016-4-15","94.70","94.93","95.05","94.51","","-0.21%"
"2016-4-18","94.49","94.59","94.83","94.38","","-0.22%"
"2016-4-19","93.98","94.49","94.55","93.93","","-0.54%"
"2016-4-20","94.49","94.14","94.59","93.94","","0.54%"
"2016-4-21","94.60","94.53","94.70","93.92","","0.12%"
"2016-4-22","95.12","94.63","95.20","94.47","","0.55%"
"2016-4-25","94.84","95.11","95.08","94.68","","-0.29%"
"2016-4-26","94.57","94.79","94.81","94.20","","-0.28%"
"2016-4-27","94.39","94.53","94.80","94.15","","-0.19%"
"2016-4-28","93.76","94.39","94.58","93.69","","-0.67%"
"2016-4-29","93.08","93.80","93.80","93.01","","-0.73%"
"2016-5-2","92.63","93.02","93.07","92.54","","-0.48%"
"2016-5-3","92.94","92.60","93.11","91.92","","0.33%"
"2016-5-4","93.18","92.98","93.36","92.85","","0.26%"
"2016-5-5","93.78","93.21","93.86","93.17","","0.64%"
"2016-5-6","93.89","93.73","93.96","93.28","","0.12%"
"2016-5-9","94.13","93.91","94.20","93.80","","0.26%"
"2016-5-10","94.29","94.13","94.36","94.03","","0.17%"
"2016-5-11","93.82","94.26","94.26","93.68","","-0.50%"
"2016-5-12","94.15","93.85","94.19","93.80","","0.35%"
"2016-5-13","94.61","94.12","94.84","94.12","","0.49%"
"2016-5-16","94.57","94.65","94.68","94.40","","-0.04%"
"2016-5-17","94.55","94.57","94.71","94.33","","-0.02%"
"2016-5-18","95.08","94.58","95.27","94.53","","0.56%"
"2016-5-19","95.29","95.15","95.50","95.12","","0.22%"
"2016-5-20","95.33","95.29","95.46","95.17","","0.04%"
"2016-5-23","95.23","95.32","95.48","95.10","","-0.10%"
"2016-5-24","95.57","95.27","95.66","95.20","","0.36%"
"2016-5-25","95.35","95.63","95.66","95.33","","-0.23%"
"2016-5-26","95.17","95.42","95.42","94.94","","-0.19%"
"2016-5-27","95.52","95.14","95.78","95.08","","0.37%"
"2016-5-30","95.52","95.70","95.97","95.52","","0.00%"
"2016-5-31","95.89","95.66","95.89","95.46","","0.39%"
"2016-6-1","95.45","95.81","95.90","95.34","","-0.46%"
"2016-6-2","95.56","95.43","95.61","95.15","","0.12%"
"2016-6-3","94.03","95.55","95.64","93.86","","-1.60%"
"2016-6-6","93.90","94.02","94.27","93.75","","-0.14%"
"2016-6-7","93.83","94.02","94.09","93.75","","-0.07%"
"2016-6-8","93.59","93.86","93.87","93.42","","-0.26%"
"2016-6-9","93.95","93.55","94.13","93.43","","0.38%"
"2016-6-10","94.57","94.09","94.71","94.05","","0.66%"
"2016-6-13","94.36","94.65","94.75","94.24","","-0.22%"
"2016-6-14","94.93","94.36","95.03","94.32","","0.60%"
"2016-6-15","94.61","94.91","95.04","94.36","","-0.34%"
"2016-6-16","94.57","94.60","95.32","94.20","","-0.04%"
"2016-6-17","94.21","94.58","94.59","94.07","","-0.38%"
"2016-6-20","93.61","93.87","93.87","93.45","","-0.64%"
"2016-6-21","94.02","93.61","94.14","93.42","","0.44%"
"2016-6-22","93.72","94.05","94.12","93.42","","-0.32%"
"2016-6-23","93.53","93.50","93.61","93.02","","-0.20%"
"2016-6-24","95.45","93.45","96.70","93.45","","2.05%"
"2016-6-27","96.54","96.07","96.70","95.81","","1.14%"
"2016-6-28","96.25","96.41","96.41","95.77","","-0.30%"
"2016-6-29","95.77","96.04","96.20","95.59","","-0.50%"
"2016-6-30","96.14","95.67","96.42","95.44","","0.39%"
"2016-7-1","95.65","95.89","96.08","95.41","","-0.51%"
"2016-7-4","95.65","95.69","95.89","95.43","","0.00%"
"2016-7-5","96.17","95.54","96.25","95.34","","0.54%"
"2016-7-6","96.05","96.25","96.50","95.98","","-0.12%"
"2016-7-7","96.33","96.13","96.34","95.92","","0.29%"
"2016-7-8","96.30","96.28","96.70","95.83","","-0.03%"
"2016-7-11","96.57","96.29","96.79","96.27","","0.28%"
"2016-7-12","96.44","96.54","96.64","96.07","","-0.13%"
"2016-7-13","96.22","96.51","96.60","96.09","","-0.23%"
"2016-7-14","96.08","96.27","96.37","95.83","","-0.15%"
"2016-7-15","96.58","96.13","96.73","95.91","","0.52%"
"2016-7-18","96.56","96.59","96.71","96.47","","-0.02%"
"2016-7-19","97.06","96.55","97.15","96.52","","0.52%"
"2016-7-20","97.20","97.08","97.32","96.99","","0.14%"
"2016-7-21","97.00","97.13","97.21","96.73","","-0.21%"
"2016-7-22","97.47","96.92","97.54","96.83","","0.48%"
"2016-7-25","97.29","97.35","97.57","97.22","","-0.18%"
"2016-7-26","97.16","97.29","97.32","96.85","","-0.13%"
"2016-7-27","97.05","97.14","97.53","96.67","","-0.11%"
"2016-7-28","96.74","96.73","96.77","96.29","","-0.32%"
"2016-7-29","95.53","96.62","96.62","95.38","","-1.25%"
"2016-8-1","95.71","95.59","95.82","95.54","","0.19%"
"2016-8-2","95.06","95.82","95.85","95.00","","-0.68%"
"2016-8-3","95.56","95.13","95.61","95.13","","0.53%"
"2016-8-4","95.76","95.54","95.90","95.42","","0.21%"
"2016-8-5","96.19","95.78","96.52","95.55","","0.45%"
"2016-8-8","96.40","96.29","96.47","96.15","","0.22%"
"2016-8-9","96.18","96.39","96.52","96.08","","-0.23%"
"2016-8-10","95.65","96.12","96.12","95.44","","-0.55%"
"2016-8-11","95.86","95.58","95.97","95.50","","0.22%"
"2016-8-12","95.72","95.92","95.99","95.25","","-0.15%"
"2016-8-15","95.63","95.65","95.80","95.47","","-0.09%"
"2016-8-16","94.79","95.61","95.66","94.43","","-0.88%"
"2016-8-17","94.72","94.80","95.10","94.51","","-0.07%"
"2016-8-18","94.16","94.70","94.70","94.08","","-0.59%"
"2016-8-19","94.51","94.23","94.63","94.22","","0.37%"
"2016-8-22","94.52","94.72","94.96","94.44","","0.01%"
"2016-8-23","94.54","94.55","94.58","94.21","","0.02%"
"2016-8-24","94.79","94.55","94.91","94.50","","0.26%"
"2016-8-25","94.77","94.78","94.83","94.59","","-0.02%"
"2016-8-26","95.57","94.72","95.59","94.25","","0.84%"
"2016-8-29","95.58","95.61","95.83","95.48","","0.01%"
"2016-8-30","96.05","95.58","96.14","95.53","","0.49%"
"2016-8-31","96.02","96.01","96.25","95.90","","-0.03%"
"2016-9-1","95.65","95.98","96.24","95.59","","-0.39%"
"2016-9-2","95.84","95.67","95.96","95.19","","0.20%"
"2016-9-5","95.84","95.89","95.89","95.55","","0.00%"
"2016-9-6","94.82","95.79","95.86","94.77","","-1.06%"
"2016-9-7","94.96","94.89","95.06","94.69","","0.15%"
"2016-9-8","95.03","94.96","95.14","94.47","","0.07%"
"2016-9-9","95.34","94.94","95.58","94.80","","0.33%"
"2016-9-12","95.09","95.30","95.45","94.94","","-0.26%"
"2016-9-13","95.63","95.12","95.67","95.08","","0.57%"
"2016-9-14","95.33","95.56","95.66","95.20","","-0.31%"
"2016-9-15","95.29","95.33","95.56","95.08","","-0.04%"
"2016-9-16","96.11","95.23","96.11","95.22","","0.86%"
"2016-9-19","95.84","96.07","96.07","95.64","","-0.28%"
"2016-9-20","96.02","95.83","96.04","95.60","","0.19%"
"2016-9-21","95.66","96.00","96.33","95.44","","-0.37%"
"2016-9-22","95.45","95.50","95.53","95.05","","-0.22%"
"2016-9-23","95.48","95.36","95.68","95.34","","0.03%"
"2016-9-26","95.30","95.40","95.53","95.13","","-0.19%"
"2016-9-27","95.44","95.32","95.67","95.24","","0.15%"
"2016-9-28","95.43","95.45","95.74","95.36","","-0.01%"
"2016-9-29","95.53","95.37","95.68","95.33","","0.10%"
"2016-9-30","95.46","95.51","95.96","95.34","","-0.07%"
"2016-10-3","95.69","95.54","95.80","95.46","","0.24%"
"2016-10-4","96.17","95.73","96.44","95.73","","0.50%"
"2016-10-5","96.12","96.10","96.31","95.96","","-0.05%"
"2016-10-6","96.77","96.14","96.77","96.11","","0.68%"
"2016-10-7","96.63","97.12","97.19","96.40","","-0.14%"
"2016-10-10","96.93","96.63","96.97","96.46","","0.31%"
"2016-10-11","97.69","96.91","97.76","96.91","","0.78%"
"2016-10-12","97.97","97.54","98.04","97.45","","0.29%"
"2016-10-13","97.52","97.99","98.13","97.50","","-0.46%"
"2016-10-14","98.02","97.53","98.12","97.51","","0.51%"
"2016-10-17","97.89","98.15","98.17","97.81","","-0.13%"
"2016-10-18","97.89","97.87","97.96","97.61","","0.00%"
"2016-10-19","97.92","97.89","97.97","97.63","","0.03%"
"2016-10-20","98.31","97.85","98.40","97.66","","0.40%"
"2016-10-21","98.69","98.32","98.81","98.31","","0.39%"
"2016-10-24","98.76","98.64","98.85","98.54","","0.07%"
"2016-10-25","98.72","98.77","99.12","98.61","","-0.04%"
"2016-10-26","98.63","98.70","98.84","98.33","","-0.09%"
"2016-10-27","98.89","98.62","99.03","98.50","","0.26%"
"2016-10-28","98.35","98.92","98.94","98.24","","-0.55%"
"2016-10-31","98.44","98.30","98.70","98.29","","0.09%"
"2016-11-1","97.70","98.39","98.48","97.64","","-0.75%"
"2016-11-2","97.40","97.75","97.80","97.18","","-0.31%"
"2016-11-3","97.16","97.37","97.46","97.04","","-0.25%"
"2016-11-4","97.06","97.17","97.35","96.89","","-0.10%"
"2016-11-7","97.78","97.54","97.87","97.22","","0.74%"
"2016-11-8","97.86","97.74","98.00","97.55","","0.08%"
"2016-11-9","98.50","97.68","98.70","95.89","","0.65%"
"2016-11-10","98.78","98.61","99.08","98.31","","0.28%"
"2016-11-11","99.06","98.85","99.13","98.54","","0.28%"
"2016-11-14","100.11","99.13","100.22","99.13","","1.06%"
"2016-11-15","100.23","99.80","100.26","99.45","","0.12%"
"2016-11-16","100.41","100.18","100.57","99.90","","0.18%"
"2016-11-17","100.89","100.26","101.01","99.96","","0.48%"
"2016-11-18","101.21","100.97","101.48","100.83","","0.32%"
"2016-11-21","101.05","101.28","101.40","100.74","","-0.16%"
"2016-11-22","101.04","100.77","101.32","100.65","","-0.01%"
"2016-11-23","101.70","100.95","101.91","100.89","","0.65%"
"2016-11-24","101.70","101.82","102.05","101.43","","0.00%"
"2016-11-25","101.49","101.84","101.92","101.21","","-0.21%"
"2016-11-28","101.33","101.25","101.60","100.64","","-0.16%"
"2016-11-29","100.93","101.18","101.64","100.86","","-0.39%"
"2016-11-30","101.50","100.85","101.83","100.84","","0.56%"
"2016-12-1","101.04","101.52","101.59","100.87","","-0.45%"
"2016-12-2","100.77","100.88","101.11","100.62","","-0.27%"
"2016-12-5","100.09","100.84","101.54","99.85","","-0.67%"
"2016-12-6","100.49","100.13","100.58","99.98","","0.40%"
"2016-12-7","100.23","100.48","100.60","100.13","","-0.26%"
"2016-12-8","101.10","100.23","101.25","99.43","","0.87%"
"2016-12-9","101.59","101.06","101.74","101.01","","0.48%"
"2016-12-12","101.03","101.71","101.78","100.84","","-0.55%"
"2016-12-13","101.07","100.89","101.16","100.75","","0.04%"
"2016-12-14","101.76","101.04","102.35","100.73","","0.68%"
"2016-12-15","103.02","102.23","103.56","102.16","","1.24%"
"2016-12-16","102.95","103.16","103.27","102.62","","-0.07%"
"2016-12-19","103.14","102.90","103.21","102.52","","0.18%"
"2016-12-20","103.29","103.15","103.65","103.03","","0.15%"
"2016-12-21","103.02","103.26","103.38","102.77","","-0.26%"
"2016-12-22","103.09","103.05","103.14","102.59","","0.07%"
"2016-12-23","103.01","103.08","103.23","102.88","","-0.08%"
"2016-12-26","103.01","103.01","103.02","102.83","","0.00%"
"2016-12-27","103.02","102.97","103.15","102.95","","0.01%"
"2016-12-28","103.30","103.02","103.63","102.87","","0.27%"
"2016-12-29","102.68","103.21","103.25","102.60","","-0.60%"
"2016-12-30","102.21","102.13","102.59","101.91","","-0.46%"
"2017-1-2","102.83","102.38","102.94","102.21","","0.61%"
"2017-1-3","103.21","102.88","103.82","102.59","","0.37%"
"2017-1-4","102.70","103.17","103.44","102.39","","-0.49%"
"2017-1-5","101.52","102.45","102.51","101.30","","-1.15%"
"2017-1-6","102.22","101.40","102.29","101.37","","0.69%"
"2017-1-9","101.93","102.25","102.52","101.80","","-0.28%"
"2017-1-10","102.01","101.85","102.10","101.51","","0.08%"
"2017-1-11","101.78","102.07","102.95","101.28","","-0.23%"
"2017-1-12","101.35","101.67","101.80","100.72","","-0.42%"
"2017-1-13","101.18","101.51","101.67","101.01","","-0.17%"
"2017-1-16","101.18","101.66","101.73","101.32","","0.00%"
"2017-1-17","100.33","101.54","101.62","100.26","","-0.84%"
"2017-1-18","100.93","100.43","101.34","100.32","","0.60%"
"2017-1-19","101.15","101.35","101.73","100.97","","0.22%"
"2017-1-20","100.74","101.17","101.50","100.70","","-0.41%"
"2017-1-23","100.16","100.74","100.74","99.90","","-0.58%"
"2017-1-24","100.35","100.08","100.43","99.92","","0.19%"
"2017-1-25","100.03","100.31","100.41","99.83","","-0.32%"
"2017-1-26","100.38","99.91","100.73","99.79","","0.35%"
"2017-1-27","100.53","100.49","100.82","100.32","","0.15%"
"2017-1-30","100.43","100.32","101.02","100.17","","-0.10%"
"2017-1-31","99.51","100.33","100.51","99.43","","-0.92%"
"2017-2-1","99.64","99.56","100.04","99.50","","0.13%"
"2017-2-2","99.79","99.76","99.87","99.23","","0.15%"
"2017-2-3","99.87","99.79","100.26","99.56","","0.08%"
"2017-2-6","99.91","99.65","100.25","99.63","","0.04%"
"2017-2-7","100.26","99.93","100.72","99.91","","0.35%"
"2017-2-8","100.28","100.44","100.64","100.06","","0.02%"
"2017-2-9","100.65","100.22","100.68","100.08","","0.37%"
"2017-2-10","100.80","100.67","101.01","100.58","","0.15%"
"2017-2-13","100.96","100.84","101.11","100.58","","0.16%"
"2017-2-14","101.25","100.98","101.38","100.70","","0.29%"
"2017-2-15","101.18","101.22","101.76","101.00","","-0.07%"
"2017-2-16","100.44","101.05","101.07","100.41","","-0.73%"
"2017-2-17","100.95","100.52","100.96","100.45","","0.51%"
"2017-2-20","100.95","100.93","100.98","100.77","","0.00%"
"2017-2-21","101.37","100.93","101.60","100.91","","0.42%"
"2017-2-22","101.22","101.40","101.72","101.17","","-0.15%"
"2017-2-23","101.05","101.38","101.44","100.87","","-0.17%"
"2017-2-24","101.09","100.95","101.17","100.66","","0.04%"
"2017-2-27","101.13","101.11","101.27","100.69","","0.04%"
"2017-2-28","101.12","101.21","101.40","100.78","","-0.01%"
"2017-3-1","101.78","101.43","101.97","101.23","","0.65%"
"2017-3-2","102.20","101.92","102.26","101.78","","0.41%"
"2017-3-3","101.54","102.13","102.17","101.34","","-0.65%"
"2017-3-6","101.64","101.40","101.75","101.22","","0.10%"
"2017-3-7","101.81","101.68","101.91","101.53","","0.17%"
"2017-3-8","102.07","101.79","102.19","101.71","","0.26%"
"2017-3-9","101.85","102.11","102.25","101.70","","-0.22%"
"2017-3-10","101.25","101.99","102.00","101.17","","-0.59%"
"2017-3-13","101.31","101.31","101.39","101.01","","0.06%"
"2017-3-14","101.70","101.40","101.79","101.34","","0.38%"
"2017-3-15","100.74","101.71","101.72","100.49","","-0.94%"
"2017-3-16","100.36","100.56","100.75","100.21","","-0.38%"
"2017-3-17","100.30","100.24","100.47","100.14","","-0.06%"
"2017-3-20","100.41","100.36","100.45","100.02","","0.11%"
"2017-3-21","99.81","100.37","100.47","99.66","","-0.60%"
"2017-3-22","99.68","99.69","99.93","99.55","","-0.13%"
"2017-3-23","99.76","99.75","99.87","99.63","","0.08%"
"2017-3-24","99.63","99.77","100.00","99.53","","-0.13%"
"2017-3-27","99.17","99.47","99.53","98.86","","-0.46%"
"2017-3-28","99.71","99.22","99.79","99.11","","0.54%"
"2017-3-29","100.00","99.70","100.13","99.67","","0.29%"
"2017-3-30","100.41","99.96","100.60","99.92","","0.41%"
"2017-3-31","100.35","100.49","100.65","100.25","","-0.06%"
"2017-4-3","100.54","100.50","100.69","100.37","","0.19%"
"2017-4-4","100.54","100.49","100.73","100.42","","0.00%"
"2017-4-5","100.56","100.52","100.85","100.41","","0.02%"
"2017-4-6","100.67","100.50","100.77","100.38","","0.11%"
"2017-4-7","101.18","100.73","101.26","100.52","","0.51%"
"2017-4-10","101.02","101.18","101.34","100.94","","-0.16%"
"2017-4-11","100.71","100.97","101.08","100.58","","-0.31%"
"2017-4-12","100.78","100.73","100.82","100.09","","0.07%"
"2017-4-13","100.56","100.16","100.60","100.01","","-0.22%"
"2017-4-14","100.56","100.58","100.61","100.36","","0.00%"
"2017-4-17","100.29","100.49","100.47","100.00","","-0.27%"
"2017-4-18","99.50","100.34","100.40","99.47","","-0.79%"
"2017-4-19","99.74","99.51","99.89","99.51","","0.24%"
"2017-4-20","99.78","99.78","99.85","99.37","","0.04%"
"2017-4-21","99.98","99.83","100.03","99.65","","0.20%"
"2017-4-24","99.09","98.97","99.33","98.91","","-0.89%"
"2017-4-25","98.78","99.05","99.22","98.69","","-0.31%"
"2017-4-26","99.05","98.85","99.33","98.73","","0.27%"
"2017-4-27","99.08","98.95","99.33","98.81","","0.03%"
"2017-4-28","99.05","99.17","99.25","98.72","","-0.03%"
"2017-5-1","99.08","98.93","99.21","98.89","","0.03%"
"2017-5-2","98.98","99.07","99.22","98.92","","-0.10%"
"2017-5-3","99.21","98.92","99.39","98.89","","0.23%"
"2017-5-4","98.80","99.35","99.46","98.71","","-0.41%"
"2017-5-5","98.65","98.77","98.97","98.54","","-0.15%"
"2017-5-8","99.06","98.79","99.19","98.60","","0.42%"
"2017-5-9","99.66","99.14","99.69","99.08","","0.61%"
"2017-5-10","99.67","99.48","99.72","99.36","","0.01%"
"2017-5-11","99.62","99.66","99.89","99.49","","-0.05%"
"2017-5-12","99.25","99.63","99.70","99.16","","-0.37%"
"2017-5-15","98.91","99.15","99.26","98.79","","-0.34%"
"2017-5-16","98.11","98.88","98.89","98.08","","-0.81%"
"2017-5-17","97.58","98.09","98.13","97.33","","-0.54%"
"2017-5-18","97.88","97.44","98.07","97.37","","0.31%"
"2017-5-19","97.14","97.85","97.85","97.08","","-0.76%"
"2017-5-22","96.98","97.22","97.44","96.80","","-0.16%"
"2017-5-23","97.35","96.95","97.42","96.80","","0.38%"
"2017-5-24","97.24","97.34","97.47","97.03","","-0.11%"
"2017-5-25","97.25","97.07","97.28","96.88","","0.01%"
"2017-5-26","97.44","97.23","97.55","97.04","","0.20%"
"2017-5-29","97.44","97.43","97.61","97.33","","0.00%"
"2017-5-30","97.28","97.63","97.78","97.22","","-0.16%"
"2017-5-31","96.92","97.43","97.50","96.86","","-0.37%"
"2017-6-1","97.20","96.99","97.32","96.90","","0.29%"
"2017-6-2","96.72","97.19","97.31","96.65","","-0.49%"
"2017-6-5","96.80","96.73","96.97","96.70","","0.08%"
"2017-6-6","96.64","96.79","96.80","96.52","","-0.17%"
"2017-6-7","96.75","96.54","96.98","96.51","","0.11%"
"2017-6-8","96.92","96.70","97.23","96.59","","0.18%"
"2017-6-9","97.27","97.18","97.50","97.14","","0.36%"
"2017-6-12","97.14","97.22","97.32","97.04","","-0.13%"
"2017-6-13","96.97","97.17","97.28","96.95","","-0.18%"
"2017-6-14","96.94","97.00","97.12","96.32","","-0.03%"
"2017-6-15","97.43","96.93","97.56","96.84","","0.51%"
"2017-6-16","97.16","97.48","97.56","97.10","","-0.28%"
"2017-6-19","97.55","97.10","97.58","97.05","","0.40%"
"2017-6-20","97.76","97.53","97.87","97.43","","0.22%"
"2017-6-21","97.56","97.73","97.80","97.52","","-0.20%"
"2017-6-22","97.59","97.55","97.65","97.43","","0.03%"
"2017-6-23","97.26","97.56","97.58","97.18","","-0.34%"
"2017-6-26","97.43","97.24","97.47","97.11","","0.17%"
"2017-6-27","96.39","97.43","97.45","96.34","","-1.07%"
"2017-6-28","96.01","96.43","96.62","95.97","","-0.39%"
"2017-6-29","95.63","96.04","96.05","95.53","","-0.40%"
"2017-6-30","95.63","95.54","95.83","95.47","","0.00%"
"2017-7-3","96.22","95.65","96.24","95.63","","0.62%"
"2017-7-4","96.22","96.16","96.33","96.05","","0.00%"
"2017-7-5","96.29","96.19","96.51","96.07","","0.07%"
"2017-7-6","95.80","96.19","96.34","95.78","","-0.51%"
"2017-7-7","96.01","95.80","96.15","95.75","","0.22%"
"2017-7-10","96.02","96.03","96.20","95.95","","0.01%"
"2017-7-11","95.67","96.07","96.20","95.65","","-0.36%"
"2017-7-12","95.76","95.71","95.98","95.51","","0.09%"
"2017-7-13","95.73","95.78","95.92","95.46","","-0.03%"
"2017-7-14","95.15","95.80","95.83","95.09","","-0.61%"
"2017-7-17","95.13","95.09","95.35","95.02","","-0.02%"
"2017-7-18","94.60","95.16","95.19","94.48","","-0.56%"
"2017-7-19","94.78","94.69","94.89","94.64","","0.19%"
"2017-7-20","94.31","94.77","95.17","94.09","","-0.50%"
"2017-7-21","93.86","94.30","94.36","93.85","","-0.48%"
"2017-7-24","93.98","93.94","94.12","93.82","","0.13%"
"2017-7-25","94.05","94.03","94.12","93.64","","0.07%"
"2017-7-26","93.67","94.09","94.28","93.37","","-0.40%"
"2017-7-27","93.86","93.46","94.10","93.15","","0.20%"
"2017-7-28","93.26","93.87","93.95","93.26","","-0.64%"
"2017-7-31","92.86","93.36","93.53","92.78","","-0.43%"
"2017-8-1","93.04","92.89","93.12","92.78","","0.19%"
"2017-8-2","92.84","93.06","93.16","92.55","","-0.21%"
"2017-8-3","92.84","92.90","93.04","92.68","","0.00%"
"2017-8-4","93.54","92.76","93.77","92.70","","0.75%"
"2017-8-7","93.43","93.51","93.54","93.30","","-0.12%"
"2017-8-8","93.65","93.44","93.88","93.24","","0.24%"
"2017-8-9","93.55","93.56","93.89","93.49","","-0.11%"
"2017-8-10","93.40","93.50","93.81","93.32","","-0.16%"
"2017-8-11","93.07","93.43","93.51","92.93","","-0.35%"
"2017-8-14","93.41","93.07","93.50","93.05","","0.37%"
"2017-8-15","93.85","93.46","94.14","93.44","","0.47%"
"2017-8-16","93.54","93.83","94.14","93.47","","-0.33%"
"2017-8-17","93.62","93.44","94.08","93.31","","0.09%"
"2017-8-18","93.43","93.68","93.76","93.33","","-0.20%"
"2017-8-21","93.09","93.45","93.58","93.00","","-0.36%"
"2017-8-22","93.55","93.14","93.58","93.06","","0.49%"
"2017-8-23","93.15","93.51","93.63","93.13","","-0.43%"
"2017-8-24","93.28","93.16","93.38","93.14","","0.14%"
"2017-8-25","92.74","93.27","93.44","92.42","","-0.58%"
"2017-8-28","92.21","92.32","92.55","92.17","","-0.57%"
"2017-8-29","92.25","92.22","92.47","91.62","","0.04%"
"2017-8-30","92.88","92.30","92.95","92.25","","0.68%"
"2017-8-31","92.67","92.85","93.35","92.56","","-0.23%"
"2017-9-1","92.81","92.61","92.93","92.10","","0.15%"
"2017-9-4","92.64","92.66","92.70","92.44","","-0.18%"
"2017-9-5","92.25","92.60","92.73","92.18","","-0.42%"
"2017-9-6","92.29","92.24","92.38","91.99","","0.04%"
"2017-9-7","91.66","92.20","92.25","91.41","","-0.68%"
"2017-9-8","91.35","91.49","91.51","91.01","","-0.34%"
"2017-9-11","91.90","91.44","91.98","91.42","","0.60%"
"2017-9-12","91.88","91.86","92.08","91.77","","-0.02%"
"2017-9-13","92.52","91.88","92.53","91.71","","0.70%"
"2017-9-14","92.12","92.35","92.66","91.97","","-0.43%"
"2017-9-15","91.87","92.00","92.17","91.58","","-0.27%"
"2017-9-18","92.05","91.95","92.21","91.80","","0.20%"
"2017-9-19","91.79","91.98","92.05","91.75","","-0.28%"
"2017-9-20","92.51","91.83","92.70","91.53","","0.78%"
"2017-9-21","92.19","92.47","92.66","92.10","","-0.35%"
"2017-9-22","92.17","92.18","92.22","91.78","","-0.02%"
"2017-9-25","92.65","92.42","92.72","92.21","","0.52%"
"2017-9-26","92.97","92.60","93.29","92.55","","0.35%"
"2017-9-27","93.36","93.04","93.61","93.00","","0.42%"
"2017-9-28","93.08","93.47","93.67","93.07","","-0.30%"
"2017-9-29","93.08","93.17","93.27","92.95","","0.00%"
"2017-10-2","93.56","93.22","93.66","93.12","","0.52%"
"2017-10-3","93.57","93.60","93.92","93.43","","0.01%"
"2017-10-4","93.46","93.57","93.58","93.26","","-0.12%"
"2017-10-5","93.96","93.48","93.99","93.41","","0.53%"
"2017-10-6","93.80","93.92","94.27","93.77","","-0.17%"
"2017-10-9","93.67","93.77","93.84","93.62","","-0.14%"
"2017-10-10","93.29","93.73","93.74","93.14","","-0.41%"
"2017-10-11","93.02","93.25","93.37","92.90","","-0.29%"
"2017-10-12","93.06","92.95","93.23","92.80","","0.04%"
"2017-10-13","93.09","93.09","93.24","92.75","","0.03%"
"2017-10-16","93.31","93.08","93.36","93.08","","0.24%"
"2017-10-17","93.51","93.31","93.73","93.28","","0.21%"
"2017-10-18","93.36","93.48","93.80","93.36","","-0.16%"
"2017-10-19","93.16","93.42","93.55","93.06","","-0.21%"
"2017-10-20","93.70","93.16","93.78","93.12","","0.58%"
"2017-10-23","93.94","93.82","94.02","93.68","","0.26%"
"2017-10-24","93.77","93.83","93.99","93.68","","-0.18%"
"2017-10-25","93.71","93.94","94.01","93.61","","-0.06%"
"2017-10-26","94.61","93.63","94.72","93.48","","0.96%"
"2017-10-27","94.92","94.72","95.15","94.73","","0.33%"
"2017-10-30","94.56","94.83","94.90","94.44","","-0.38%"
"2017-10-31","94.55","94.54","94.70","94.45","","-0.01%"
"2017-11-1","94.81","94.55","94.85","94.51","","0.27%"
"2017-11-2","94.69","94.80","94.80","94.41","","-0.13%"
"2017-11-3","94.94","94.73","95.02","94.41","","0.26%"
"2017-11-6","94.76","94.87","95.08","94.69","","-0.19%"
"2017-11-7","94.91","94.72","95.15","94.70","","0.16%"
"2017-11-8","94.87","94.80","94.97","94.78","","-0.04%"
"2017-11-9","94.44","94.88","94.96","94.42","","-0.45%"
"2017-11-10","94.39","94.50","94.65","94.26","","-0.05%"
"2017-11-13","94.49","94.42","94.64","94.40","","0.11%"
"2017-11-14","93.83","94.52","94.54","93.75","","-0.70%"
"2017-11-15","93.81","93.86","93.93","93.40","","-0.02%"
"2017-11-16","93.93","93.84","94.00","93.77","","0.13%"
"2017-11-17","93.66","93.87","93.93","93.51","","-0.29%"
"2017-11-20","94.08","93.71","94.10","93.58","","0.45%"
"2017-11-21","93.95","94.04","94.17","93.88","","-0.14%"
"2017-11-22","93.22","93.93","93.96","93.21","","-0.78%"
"2017-11-23","93.22","93.30","93.31","93.07","","0.00%"
"2017-11-24","92.78","93.12","93.25","92.67","","-0.47%"
"2017-11-27","92.90","92.73","92.98","92.50","","0.13%"
"2017-11-28","93.27","92.89","93.34","92.83","","0.40%"
"2017-11-29","93.16","93.22","93.44","92.99","","-0.12%"
"2017-11-30","93.05","93.26","93.50","92.73","","-0.12%"
"2017-12-1","92.89","93.03","93.25","92.60","","-0.17%"
"2017-12-4","93.19","93.17","93.36","93.07","","0.32%"
"2017-12-5","93.38","93.08","93.49","93.03","","0.20%"
"2017-12-6","93.61","93.31","93.65","93.17","","0.25%"
"2017-12-7","93.80","93.54","93.80","93.51","","0.20%"
"2017-12-8","93.90","93.79","94.09","93.77","","0.11%"
"2017-12-11","93.87","93.93","93.98","93.67","","-0.03%"
"2017-12-12","94.10","93.91","94.22","93.76","","0.25%"
"2017-12-13","93.43","94.06","94.11","93.39","","-0.71%"
"2017-12-14","93.49","93.41","93.76","93.28","","0.06%"
"2017-12-15","93.93","93.65","94.00","93.41","","0.47%"
"2017-12-18","93.69","93.98","94.03","93.38","","-0.26%"
"2017-12-19","93.44","93.71","93.76","93.43","","-0.27%"
"2017-12-20","93.31","93.50","93.53","93.16","","-0.14%"
"2017-12-21","93.28","93.31","93.50","93.23","","-0.03%"
"2017-12-22","93.35","93.37","93.56","93.31","","0.08%"
"2017-12-25","93.35","93.37","93.40","93.19","","0.00%"
"2017-12-26","93.26","93.25","93.40","93.20","","-0.10%"
"2017-12-27","93.03","93.30","93.31","92.96","","-0.25%"
"2017-12-28","92.60","93.00","93.02","92.57","","-0.46%"
"2017-12-29","92.12","92.67","92.67","92.08","","-0.52%"
"2017-12-31","92.28","92.28","92.28","92.28","","0.18%"
"2018-1-1","92.25","92.29","92.32","92.18","","-0.04%"
"2018-1-2","91.87","92.24","92.25","91.75","","-0.41%"
"2018-1-3","92.16","91.82","92.26","91.81","","0.32%"
"2018-1-4","91.85","92.22","92.26","91.80","","-0.34%"
"2018-1-5","91.95","91.87","92.10","91.78","","0.11%"
"2018-1-8","92.36","92.06","92.40","91.88","","0.45%"
"2018-1-9","92.53","92.34","92.64","92.21","","0.18%"
"2018-1-10","92.33","92.57","92.57","91.92","","-0.22%"
"2018-1-11","91.85","92.33","92.55","91.79","","-0.52%"
"2018-1-12","90.97","91.85","91.88","90.90","","-0.96%"
"2018-1-15","90.97","90.94","90.94","90.28","","0.00%"
"2018-1-16","90.39","90.44","90.82","90.34","","-0.64%"
"2018-1-17","90.54","90.41","91.00","90.11","","0.17%"
"2018-1-18","90.50","90.78","90.98","90.41","","-0.04%"
"2018-1-19","90.57","90.50","90.70","90.16","","0.08%"
"2018-1-22","90.40","90.44","90.70","90.35","","-0.19%"
"2018-1-23","90.12","90.39","90.59","90.06","","-0.31%"
"2018-1-24","89.21","90.00","90.11","89.16","","-1.01%"
"2018-1-25","89.39","89.32","89.58","88.44","","0.20%"
"2018-1-26","89.07","89.40","89.40","88.72","","-0.36%"
"2018-1-29","89.31","89.11","89.62","89.01","","0.27%"
"2018-1-30","89.16","89.36","89.64","88.91","","-0.17%"
"2018-1-31","89.13","89.10","89.30","88.78","","-0.03%"
"2018-2-1","88.67","89.04","89.33","88.56","","-0.52%"
"2018-2-2","89.19","88.64","89.42","88.59","","0.59%"
"2018-2-5","89.55","89.35","89.70","89.02","","0.40%"
"2018-2-6","89.58","89.66","90.03","89.37","","0.03%"
"2018-2-7","90.25","89.63","90.40","89.47","","0.75%"
"2018-2-8","90.23","90.27","90.57","90.01","","-0.02%"
"2018-2-9","90.44","90.25","90.56","90.12","","0.23%"
"2018-2-12","90.21","90.35","90.43","90.07","","-0.25%"
"2018-2-13","89.70","90.09","90.18","89.61","","-0.57%"
"2018-2-14","89.12","89.69","90.12","88.94","","-0.65%"
"2018-2-15","88.59","88.96","89.00","88.54","","-0.59%"
"2018-2-16","89.10","88.57","89.23","88.25","","0.58%"
"2018-2-19","89.10","89.10","89.44","88.95","","0.00%"
"2018-2-20","89.72","89.24","89.80","89.22","","0.70%"
"2018-2-21","90.00","89.71","90.16","89.59","","0.31%"
"2018-2-22","89.74","90.16","90.23","89.64","","-0.29%"
"2018-2-23","89.88","89.78","90.06","89.76","","0.16%"
"2018-2-26","89.85","89.96","90.05","89.50","","-0.03%"
"2018-2-27","90.36","89.80","90.50","89.69","","0.57%"
"2018-2-28","90.61","90.41","90.70","90.31","","0.28%"
"2018-3-1","90.32","90.67","90.93","90.21","","-0.32%"
"2018-3-2","89.94","90.25","90.29","89.88","","-0.42%"
"2018-3-5","90.08","89.83","90.22","89.83","","0.16%"
"2018-3-6","89.62","89.96","90.06","89.43","","-0.51%"
"2018-3-7","89.64","89.51","89.78","89.41","","0.02%"
"2018-3-8","90.18","89.59","90.23","89.44","","0.60%"
"2018-3-9","90.09","90.20","90.36","90.00","","-0.10%"
"2018-3-12","89.89","90.11","90.19","89.84","","-0.22%"
"2018-3-13","89.66","89.91","90.11","89.59","","-0.26%"
"2018-3-14","89.70","89.70","89.89","89.56","","0.04%"
"2018-3-15","90.14","89.75","90.17","89.62","","0.49%"
"2018-3-16","90.23","90.14","90.38","89.89","","0.10%"
"2018-3-19","89.77","90.20","90.34","89.76","","-0.51%"
"2018-3-20","90.37","89.88","90.44","89.85","","0.67%"
"2018-3-21","89.78","90.41","90.40","89.63","","-0.65%"
"2018-3-22","89.86","89.65","89.96","89.40","","0.09%"
"2018-3-23","89.48","89.67","89.74","89.40","","-0.42%"
"2018-3-26","89.03","89.47","89.52","88.98","","-0.50%"
"2018-3-27","89.33","89.02","89.63","88.94","","0.34%"
"2018-3-28","90.06","89.32","90.15","89.25","","0.82%"
"2018-3-29","90.15","90.11","90.18","89.90","","0.10%"
"2018-3-30","89.97","90.10","90.12","89.88","","-0.20%"
"2018-4-2","90.05","89.97","90.15","89.82","","0.09%"
"2018-4-3","90.20","90.02","90.28","89.85","","0.17%"
"2018-4-4","90.14","90.16","90.23","89.92","","-0.07%"
"2018-4-5","90.46","90.09","90.59","90.07","","0.36%"
"2018-4-6","90.11","90.38","90.60","90.07","","-0.39%"
"2018-4-9","89.84","90.07","90.27","89.82","","-0.30%"
"2018-4-10","89.59","89.83","89.97","89.54","","-0.28%"
"2018-4-11","89.57","89.58","89.67","89.36","","-0.02%"
"2018-4-12","89.75","89.52","89.96","89.44","","0.20%"
"2018-4-13","89.80","89.76","89.88","89.66","","0.06%"
"2018-4-16","89.42","89.77","89.85","89.39","","-0.42%"
"2018-4-17","89.52","89.41","89.67","89.23","","0.11%"
"2018-4-18","89.62","89.50","89.78","89.45","","0.11%"
"2018-4-19","89.94","89.62","89.95","89.50","","0.36%"
"2018-4-20","90.32","89.90","90.48","89.89","","0.42%"
"2018-4-23","90.95","90.35","90.98","90.32","","0.70%"
"2018-4-24","90.77","90.92","91.08","90.71","","-0.20%"
"2018-4-25","91.17","90.76","91.26","90.75","","0.44%"
"2018-4-26","91.56","91.21","91.64","90.96","","0.43%"
"2018-4-27","91.54","91.56","91.99","91.49","","-0.02%"
"2018-4-30","91.84","91.53","91.92","91.48","","0.33%"
"2018-5-1","92.45","91.81","92.57","91.80","","0.66%"
"2018-5-2","92.51","92.47","92.83","92.22","","0.06%"
"2018-5-3","92.41","92.72","92.76","92.34","","-0.11%"
"2018-5-4","92.57","92.43","92.90","92.35","","0.17%"
"2018-5-7","92.75","92.57","92.97","92.45","","0.19%"
"2018-5-8","93.12","92.73","93.28","92.65","","0.40%"
"2018-5-9","93.04","93.05","93.42","92.84","","-0.09%"
"2018-5-10","92.65","93.08","93.16","92.54","","-0.42%"
"2018-5-11","92.54","92.69","92.84","92.37","","-0.12%"
"2018-5-14","92.59","92.55","92.69","92.24","","0.05%"
"2018-5-15","93.22","92.65","93.46","92.61","","0.68%"
"2018-5-16","93.39","93.31","93.63","93.14","","0.18%"
"2018-5-17","93.47","93.26","93.56","93.12","","0.09%"
"2018-5-18","93.64","93.50","93.83","93.34","","0.18%"
"2018-5-21","93.68","93.69","94.06","93.51","","0.04%"
"2018-5-22","93.61","93.54","93.73","93.29","","-0.07%"
"2018-5-23","94.00","93.55","94.19","93.51","","0.42%"
"2018-5-24","93.76","93.90","93.98","93.61","","-0.26%"
"2018-5-25","94.19","93.80","94.30","93.75","","0.46%"
"2018-5-28","94.19","94.25","94.50","93.86","","0.00%"
"2018-5-29","94.83","94.41","95.03","94.28","","0.68%"
"2018-5-30","94.15","94.82","94.97","94.04","","-0.72%"
"2018-5-31","93.98","94.07","94.25","93.72","","-0.18%"
"2018-6-1","94.19","93.95","94.45","93.88","","0.22%"
"2018-6-4","94.02","94.16","94.19","93.66","","-0.18%"
"2018-6-5","93.90","94.06","94.32","93.78","","-0.13%"
"2018-6-6","93.66","93.88","93.89","93.42","","-0.26%"
"2018-6-7","93.40","93.58","93.59","93.21","","-0.28%"
"2018-6-8","93.55","93.44","93.82","93.39","","0.16%"
"2018-6-11","93.58","93.54","93.68","93.37","","0.03%"
"2018-6-12","93.80","93.67","93.91","93.47","","0.24%"
"2018-6-13","93.71","93.83","94.03","93.52","","-0.10%"
"2018-6-14","94.77","93.50","94.93","93.19","","1.13%"
"2018-6-15","94.79","94.91","95.13","94.65","","0.02%"
"2018-6-18","94.80","94.79","95.05","94.70","","0.01%"
"2018-6-19","95.08","94.63","95.30","94.53","","0.30%"
"2018-6-20","95.06","94.97","95.30","94.92","","-0.02%"
"2018-6-21","94.74","95.13","95.53","94.68","","-0.34%"
"2018-6-22","94.52","94.86","94.88","94.43","","-0.23%"
"2018-6-25","94.28","94.50","94.70","94.21","","-0.25%"
"2018-6-26","94.66","94.29","94.77","94.17","","0.40%"
"2018-6-27","95.27","94.67","95.42","94.53","","0.64%"
"2018-6-28","95.39","95.27","95.53","95.09","","0.13%"
"2018-6-29","94.64","95.30","95.32","94.47","","-0.79%"
"2018-7-2","95.03","94.63","95.14","94.53","","0.41%"
"2018-7-3","94.67","94.84","94.98","94.56","","-0.38%"
"2018-7-4","94.67","94.52","94.71","94.40","","0.00%"
"2018-7-5","94.47","94.51","94.59","94.18","","-0.21%"
"2018-7-6","94.04","94.36","94.49","93.92","","-0.46%"
"2018-7-9","94.08","93.97","94.21","93.71","","0.04%"
"2018-7-10","94.15","94.06","94.47","94.02","","0.07%"
"2018-7-11","94.72","94.20","94.77","94.09","","0.61%"
"2018-7-12","94.81","94.70","94.94","94.64","","0.10%"
"2018-7-13","94.75","94.89","95.24","94.67","","-0.06%"
"2018-7-16","94.51","94.69","94.77","94.41","","-0.25%"
"2018-7-17","94.94","94.55","95.06","94.30","","0.45%"
"2018-7-18","95.08","95.03","95.41","94.96","","0.15%"
"2018-7-19","95.15","95.08","95.65","94.93","","0.07%"
"2018-7-20","94.45","95.13","95.28","94.36","","-0.74%"
"2018-7-23","94.67","94.43","94.72","94.21","","0.23%"
"2018-7-24","94.61","94.67","94.86","94.40","","-0.06%"
"2018-7-25","94.36","94.59","94.67","94.14","","-0.26%"
"2018-7-26","94.75","94.16","94.80","94.08","","0.41%"
"2018-7-27","94.67","94.76","94.91","94.63","","-0.08%"
"2018-7-30","94.32","94.66","94.76","94.26","","-0.37%"
"2018-7-31","94.49","94.33","94.57","94.16","","0.18%"
"2018-8-1","94.62","94.56","94.71","94.49","","0.14%"
"2018-8-2","95.16","94.63","95.19","94.61","","0.57%"
"2018-8-3","95.14","95.18","95.37","94.98","","-0.02%"
"2018-8-6","95.36","95.20","95.52","95.20","","0.23%"
"2018-8-7","95.22","95.34","95.37","94.99","","-0.15%"
"2018-8-8","95.05","95.14","95.42","94.99","","-0.18%"
"2018-8-9","95.50","95.10","95.62","95.03","","0.47%"
"2018-8-10","96.36","95.64","96.45","95.53","","0.90%"
"2018-8-13","96.39","96.32","96.52","96.16","","0.03%"
"2018-8-14","96.73","96.33","96.79","96.14","","0.35%"
"2018-8-15","96.70","96.66","96.98","96.65","","-0.03%"
"2018-8-16","96.64","96.72","96.77","96.32","","-0.06%"
"2018-8-17","96.10","96.61","96.66","96.09","","-0.56%"
"2018-8-20","95.90","96.13","96.40","95.73","","-0.21%"
"2018-8-21","95.26","95.74","95.75","95.08","","-0.67%"
"2018-8-22","95.15","95.21","95.38","94.93","","-0.12%"
"2018-8-23","95.67","95.17","95.71","95.15","","0.55%"
"2018-8-24","95.15","95.64","95.69","95.03","","-0.54%"
"2018-8-27","94.78","95.17","95.30","94.69","","-0.39%"
"2018-8-28","94.72","94.77","94.91","94.43","","-0.06%"
"2018-8-29","94.60","94.73","94.93","94.53","","-0.13%"
"2018-8-30","94.72","94.53","94.90","94.47","","0.13%"
"2018-8-31","95.14","94.70","95.22","94.55","","0.44%"
"2018-9-3","95.14","95.19","95.22","95.01","","0.00%"
"2018-9-4","95.44","95.14","95.74","95.14","","0.32%"
"2018-9-5","95.18","95.40","95.66","95.08","","-0.27%"
"2018-9-6","95.02","95.10","95.21","94.93","","-0.17%"
"2018-9-7","95.36","95.02","95.46","94.87","","0.36%"
"2018-9-10","95.15","95.43","95.56","95.03","","-0.22%"
"2018-9-11","95.25","95.15","95.35","94.88","","0.11%"
"2018-9-12","94.80","95.10","95.28","94.73","","-0.47%"
"2018-9-13","94.52","94.83","94.97","94.43","","-0.30%"
"2018-9-14","94.93","94.55","95.00","94.36","","0.43%"
"2018-9-17","94.50","94.93","94.98","94.44","","-0.45%"
"2018-9-18","94.64","94.61","94.73","94.31","","0.15%"
"2018-9-19","94.54","94.54","94.73","94.32","","-0.11%"
"2018-9-20","93.91","94.55","94.56","93.83","","-0.67%"
"2018-9-21","94.22","93.89","94.33","93.81","","0.33%"
"2018-9-24","94.19","94.23","94.37","93.84","","-0.03%"
"2018-9-25","94.13","94.25","94.37","94.01","","-0.06%"
"2018-9-26","94.19","94.17","94.40","93.95","","0.06%"
"2018-9-27","94.89","94.25","95.01","94.21","","0.74%"
"2018-9-28","95.13","95.02","95.37","94.92","","0.25%"
"2018-10-1","95.30","95.11","95.37","95.00","","0.18%"
"2018-10-2","95.51","95.30","95.74","95.26","","0.22%"
"2018-10-3","95.76","95.46","96.12","95.26","","0.26%"
"2018-10-4","95.75","96.05","96.12","95.55","","-0.01%"
"2018-10-5","95.62","95.76","95.94","95.52","","-0.14%"
"2018-10-8","95.76","95.62","96.03","95.59","","0.15%"
"2018-10-9","95.67","95.75","96.16","95.64","","-0.09%"
"2018-10-10","95.51","95.59","95.79","95.38","","-0.17%"
"2018-10-11","95.02","95.43","95.43","94.99","","-0.51%"
"2018-10-12","95.22","95.04","95.37","94.95","","0.21%"
"2018-10-15","95.06","95.35","95.37","94.95","","-0.17%"
"2018-10-16","95.05","95.05","95.20","94.79","","-0.01%"
"2018-10-17","95.58","95.09","95.66","95.06","","0.56%"
"2018-10-18","95.90","95.66","95.99","95.49","","0.33%"
"2018-10-19","95.71","95.95","96.09","95.54","","-0.20%"
"2018-10-22","96.01","95.66","96.09","95.47","","0.31%"
"2018-10-23","95.96","96.03","96.16","95.81","","-0.05%"
"2018-10-24","96.43","95.92","96.53","95.91","","0.49%"
"2018-10-25","96.68","96.36","96.73","96.21","","0.26%"
"2018-10-26","96.36","96.59","96.86","96.29","","-0.33%"
"2018-10-29","96.58","96.44","96.70","96.35","","0.23%"
"2018-10-30","97.01","96.66","97.02","96.62","","0.45%"
"2018-10-31","97.13","96.99","97.20","96.88","","0.12%"
"2018-11-1","96.28","97.08","97.11","96.20","","-0.88%"
"2018-11-2","96.54","96.31","96.59","95.99","","0.27%"
"2018-11-5","96.28","96.44","96.68","96.25","","-0.27%"
"2018-11-6","96.32","96.33","96.45","96.14","","0.04%"
"2018-11-7","96.00","95.99","96.46","95.68","","-0.33%"
"2018-11-8","96.72","96.19","96.74","96.07","","0.75%"
"2018-11-9","96.91","96.63","97.01","96.62","","0.20%"
"2018-11-12","97.54","97.05","97.69","96.97","","0.65%"
"2018-11-13","97.30","97.60","97.66","96.94","","-0.25%"
"2018-11-14","96.80","97.03","97.41","96.75","","-0.51%"
"2018-11-15","96.93","97.01","97.39","96.77","","0.13%"
"2018-11-16","96.47","97.05","97.06","96.40","","-0.47%"
"2018-11-19","96.19","96.43","96.57","96.12","","-0.29%"
"2018-11-20","96.84","96.20","96.89","96.04","","0.68%"
"2018-11-21","96.71","96.82","96.87","96.50","","-0.13%"
"2018-11-22","96.71","96.72","96.72","96.32","","0.00%"
"2018-11-23","96.92","96.51","96.98","96.40","","0.22%"
"2018-11-26","97.07","96.93","97.10","96.66","","0.15%"
"2018-11-27","97.37","97.03","97.50","96.97","","0.31%"
"2018-11-28","96.79","97.37","97.54","96.69","","-0.60%"
"2018-11-29","96.78","96.84","97.00","96.63","","-0.01%"
"2018-11-30","97.27","96.76","97.31","96.71","","0.51%"
"2018-12-3","97.04","97.13","97.16","96.71","","-0.24%"
"2018-12-4","96.97","96.94","97.13","96.38","","-0.07%"
"2018-12-5","97.07","97.01","97.20","96.83","","0.10%"
"2018-12-6","96.81","97.01","97.20","96.55","","-0.27%"
"2018-12-7","96.51","96.80","96.92","96.51","","-0.31%"
"2018-12-10","97.22","96.72","97.24","96.36","","0.74%"
"2018-12-11","97.39","97.18","97.55","96.87","","0.17%"
"2018-12-12","97.04","97.38","97.49","96.89","","-0.36%"
"2018-12-13","97.06","97.04","97.29","96.88","","0.02%"
"2018-12-14","97.44","97.09","97.71","97.08","","0.39%"
"2018-12-17","97.10","97.43","97.46","97.05","","-0.35%"
"2018-12-18","97.10","97.13","97.17","96.70","","0.00%"
"2018-12-19","97.03","96.91","97.10","96.55","","-0.07%"
"2018-12-20","96.28","96.99","97.04","96.17","","-0.77%"
"2018-12-21","96.96","96.39","97.05","96.25","","0.71%"
"2018-12-24","96.55","96.94","96.94","96.38","","-0.42%"
"2018-12-25","96.55","96.56","96.96","96.47","","0.00%"
"2018-12-26","97.05","96.58","97.12","96.53","","0.52%"
"2018-12-27","96.48","96.92","96.94","96.41","","-0.59%"
"2018-12-28","96.40","96.51","96.52","96.19","","-0.08%"
"2018-12-31","96.17","96.40","96.51","96.00","","-0.24%"
"2019-1-1","96.17","96.15","96.32","95.65","","0.00%"
"2019-1-2","96.82","96.14","96.96","95.82","","0.68%"
"2019-1-3","96.31","96.72","96.75","96.21","","-0.53%"
"2019-1-4","96.18","96.28","96.61","96.05","","-0.13%"
"2019-1-7","95.67","96.16","96.16","95.64","","-0.53%"
"2019-1-8","95.90","95.69","96.03","95.68","","0.24%"
"2019-1-9","95.22","95.81","95.92","95.12","","-0.71%"
"2019-1-10","95.54","95.16","95.62","95.03","","0.34%"
"2019-1-11","95.67","95.44","95.76","95.19","","0.14%"
"2019-1-14","95.61","95.65","95.72","95.48","","-0.06%"
"2019-1-15","96.04","95.57","96.26","95.47","","0.45%"
"2019-1-16","96.06","95.94","96.18","95.86","","0.02%"
"2019-1-17","96.06","96.07","96.26","95.98","","0.00%"
"2019-1-18","96.34","96.07","96.39","96.01","","0.29%"
"2019-1-21","96.34","96.35","96.43","96.20","","0.00%"
"2019-1-22","96.30","96.34","96.48","96.22","","-0.04%"
"2019-1-23","96.12","96.31","96.37","96.05","","-0.19%"
"2019-1-24","96.60","96.07","96.68","96.04","","0.50%"
"2019-1-25","95.79","96.49","96.53","95.74","","-0.84%"
"2019-1-28","95.75","95.79","95.92","95.64","","-0.04%"
"2019-1-29","95.82","95.74","95.87","95.62","","0.07%"
"2019-1-30","95.34","95.79","95.98","95.25","","-0.50%"
"2019-1-31","95.58","95.35","95.62","95.16","","0.25%"
"2019-2-1","95.58","95.55","95.66","95.40","","0.00%"
"2019-2-4","95.85","95.60","95.92","95.57","","0.28%"
"2019-2-5","96.07","95.83","96.12","95.81","","0.23%"
"2019-2-6","96.39","96.06","96.42","96.04","","0.33%"
"2019-2-7","96.51","96.39","96.67","96.38","","0.12%"
"2019-2-8","96.64","96.60","96.69","96.45","","0.13%"
"2019-2-11","97.06","96.66","97.12","96.62","","0.43%"
"2019-2-12","96.71","97.06","97.20","96.65","","-0.36%"
"2019-2-13","97.13","96.73","97.26","96.63","","0.43%"
"2019-2-14","96.98","97.14","97.28","96.95","","-0.15%"
"2019-2-15","96.90","97.06","97.37","96.83","","-0.08%"
"2019-2-18","96.90","96.81","96.90","96.65","","0.00%"
"2019-2-19","96.52","96.81","97.08","96.43","","-0.39%"
"2019-2-20","96.45","96.53","96.65","96.29","","-0.07%"
"2019-2-21","96.61","96.49","96.66","96.36","","0.17%"
"2019-2-22","96.51","96.59","96.78","96.42","","-0.10%"
"2019-2-25","96.41","96.52","96.60","96.32","","-0.10%"
"2019-2-26","96.00","96.39","96.46","95.95","","-0.43%"
"2019-2-27","96.15","96.06","96.19","95.88","","0.16%"
"2019-2-28","96.16","96.09","96.28","95.82","","0.01%"
"2019-3-1","96.53","96.22","96.55","96.07","","0.38%"
"2019-3-4","96.68","96.34","96.82","96.33","","0.16%"
"2019-3-5","96.87","96.67","97.01","96.66","","0.20%"
"2019-3-6","96.87","96.90","96.99","96.78","","0.00%"
"2019-3-7","97.67","96.83","97.71","96.81","","0.83%"
"2019-3-8","97.31","97.61","97.64","97.25","","-0.37%"
"2019-3-11","97.22","97.39","97.45","96.92","","-0.09%"
"2019-3-12","96.94","97.05","97.28","96.86","","-0.29%"
"2019-3-13","96.55","97.01","97.02","96.39","","-0.40%"
"2019-3-14","96.78","96.49","96.82","96.47","","0.24%"
"2019-3-15","96.59","96.72","96.79","96.49","","-0.20%"
"2019-3-18","96.52","96.56","96.63","96.38","","-0.07%"
"2019-3-19","96.38","96.51","96.52","96.29","","-0.15%"
"2019-3-20","95.76","96.40","96.57","95.74","","-0.64%"
"2019-3-21","96.50","95.91","96.62","95.84","","0.77%"
"2019-3-22","96.65","96.32","96.81","96.21","","0.16%"
"2019-3-25","96.57","96.64","96.68","96.41","","-0.08%"
"2019-3-26","96.74","96.50","96.84","96.45","","0.18%"
"2019-3-27","96.77","96.75","96.98","96.68","","0.03%"
"2019-3-28","97.20","96.97","97.30","96.82","","0.44%"
"2019-3-29","97.28","97.20","97.34","97.00","","0.08%"
"2019-4-1","97.23","97.18","97.39","97.03","","-0.05%"
"2019-4-2","97.36","97.33","97.52","97.27","","0.13%"
"2019-4-3","97.09","97.30","97.32","96.96","","-0.28%"
"2019-4-4","97.31","97.04","97.34","97.02","","0.23%"
"2019-4-5","97.39","97.30","97.47","97.19","","0.08%"
"2019-4-8","97.05","97.39","97.40","96.98","","-0.35%"
"2019-4-9","97.01","97.08","97.08","96.86","","-0.04%"
"2019-4-10","96.95","96.99","97.22","96.85","","-0.06%"
"2019-4-11","97.18","96.89","97.19","96.88","","0.24%"
"2019-4-12","96.97","97.14","97.18","96.75","","-0.22%"
"2019-4-15","96.94","96.92","96.96","96.79","","-0.03%"
"2019-4-16","97.04","96.93","97.09","96.88","","0.10%"
"2019-4-17","97.01","97.07","97.12","96.82","","-0.03%"
"2019-4-18","97.47","97.01","97.48","96.96","","0.47%"
"2019-4-19","97.38","97.42","97.43","97.33","","-0.09%"
"2019-4-22","97.29","97.38","97.41","97.26","","-0.09%"
"2019-4-23","97.64","97.28","97.78","97.28","","0.36%"
"2019-4-24","98.17","97.59","98.19","97.59","","0.54%"
"2019-4-25","98.20","98.10","98.32","97.99","","0.03%"
"2019-4-26","98.01","98.12","98.33","97.85","","-0.19%"
"2019-4-29","97.86","98.03","98.10","97.83","","-0.15%"
"2019-4-30","97.48","97.84","97.89","97.44","","-0.39%"
"2019-5-1","97.69","97.53","97.73","97.15","","0.22%"
"2019-5-2","97.83","97.63","97.85","97.51","","0.14%"
"2019-5-3","97.52","97.83","98.10","97.41","","-0.32%"
"2019-5-6","97.52","97.56","97.70","97.46","","0.00%"
"2019-5-7","97.63","97.52","97.74","97.38","","0.11%"
"2019-5-8","97.62","97.57","97.68","97.42","","-0.01%"
"2019-5-9","97.37","97.58","97.70","97.24","","-0.26%"
"2019-5-10","97.33","97.43","97.45","97.13","","-0.04%"
"2019-5-13","97.32","97.30","97.38","97.03","","-0.01%"
"2019-5-14","97.53","97.32","97.56","97.27","","0.22%"
"2019-5-15","97.57","97.53","97.70","97.44","","0.04%"
"2019-5-16","97.86","97.54","97.88","97.44","","0.30%"
"2019-5-17","98.00","97.83","98.03","97.77","","0.14%"
"2019-5-20","97.93","97.96","98.04","97.88","","-0.07%"
"2019-5-21","98.06","97.92","98.13","97.82","","0.13%"
"2019-5-22","98.04","98.02","98.12","97.89","","-0.02%"
"2019-5-23","97.86","98.06","98.37","97.81","","-0.18%"
"2019-5-24","97.61","97.83","97.91","97.55","","-0.26%"
"2019-5-27","97.61","97.57","97.79","97.55","","0.00%"
"2019-5-28","97.95","97.74","97.98","97.70","","0.35%"
"2019-5-29","98.14","97.92","98.21","97.86","","0.19%"
"2019-5-30","98.14","98.13","98.28","98.09","","0.00%"
"2019-5-31","97.75","98.15","98.17","97.61","","-0.40%"
"2019-6-3","97.14","97.64","97.80","97.11","","-0.62%"
"2019-6-4","97.07","97.21","97.33","97.00","","-0.07%"
"2019-6-5","97.32","97.12","97.37","96.75","","0.26%"
"2019-6-6","97.04","97.29","97.35","96.78","","-0.29%"
"2019-6-7","96.54","97.01","97.18","96.46","","-0.52%"
"2019-6-10","96.76","96.64","96.94","96.63","","0.23%"
"2019-6-11","96.69","96.75","96.88","96.64","","-0.07%"
"2019-6-12","97.00","96.71","97.02","96.58","","0.32%"
"2019-6-13","97.01","96.96","97.08","96.87","","0.01%"
"2019-6-14","97.57","97.01","97.58","96.94","","0.58%"
"2019-6-17","97.56","97.52","97.60","97.34","","-0.01%"
"2019-6-18","97.64","97.53","97.77","97.37","","0.08%"
"2019-6-19","97.12","97.63","97.68","97.09","","-0.53%"
"2019-6-20","96.63","97.17","97.20","96.57","","-0.50%"
"2019-6-21","96.22","96.62","96.71","96.09","","-0.42%"
"2019-6-24","95.98","96.18","96.20","95.97","","-0.25%"
"2019-6-25","96.14","96.00","96.36","95.84","","0.17%"
"2019-6-26","96.21","96.18","96.34","96.07","","0.07%"
"2019-6-27","96.19","96.17","96.39","96.14","","-0.02%"
"2019-6-28","96.13","96.19","96.30","96.02","","-0.06%"
"2019-7-1","96.84","96.25","96.87","96.25","","0.74%"
"2019-7-2","96.73","96.81","96.88","96.60","","-0.11%"
"2019-7-3","96.77","96.73","96.87","96.59","","0.04%"
"2019-7-4","96.77","96.71","96.81","96.66","","0.00%"
"2019-7-5","97.29","96.72","97.44","96.72","","0.54%"
"2019-7-8","97.38","97.23","97.42","97.16","","0.09%"
"2019-7-9","97.49","97.38","97.59","97.36","","0.11%"
"2019-7-10","97.10","97.51","97.55","97.03","","-0.40%"
"2019-7-11","97.05","97.06","97.15","96.80","","-0.05%"
"2019-7-12","96.81","97.08","97.12","96.72","","-0.25%"
"2019-7-15","96.93","96.84","96.97","96.75","","0.12%"
"2019-7-16","97.39","96.92","97.44","96.92","","0.47%"
"2019-7-17","97.22","97.36","97.44","97.16","","-0.17%"
"2019-7-18","96.79","97.19","97.26","96.67","","-0.44%"
"2019-7-19","97.15","96.82","97.29","96.76","","0.37%"
"2019-7-22","97.26","97.14","97.30","97.13","","0.11%"
"2019-7-23","97.70","97.30","97.74","97.30","","0.45%"
"2019-7-24","97.73","97.72","97.81","97.55","","0.03%"
"2019-7-25","97.82","97.69","97.92","97.50","","0.09%"
"2019-7-26","98.01","97.79","98.09","97.76","","0.19%"
"2019-7-29","98.04","97.99","98.17","97.90","","0.03%"
"2019-7-30","98.05","98.07","98.21","98.02","","0.01%"
"2019-7-31","98.52","98.03","98.68","98.00","","0.48%"
"2019-8-1","98.37","98.59","98.93","98.27","","-0.15%"
"2019-8-2","98.07","98.41","98.45","98.05","","-0.30%"
"2019-8-5","97.52","98.11","98.14","97.38","","-0.56%"
"2019-8-6","97.63","97.25","97.77","97.21","","0.11%"
"2019-8-7","97.54","97.56","97.85","97.31","","-0.09%"
"2019-8-8","97.62","97.60","97.74","97.43","","0.08%"
"2019-8-9","97.49","97.57","97.64","97.03","","-0.13%"
"2019-8-12","97.38","97.53","97.74","97.32","","-0.11%"
"2019-8-13","97.81","97.48","97.85","97.32","","0.44%"
"2019-8-14","97.99","97.80","98.05","97.67","","0.18%"
"2019-8-15","98.14","97.95","98.24","97.82","","0.15%"
"2019-8-16","98.14","98.13","98.34","98.11","","0.00%"
"2019-8-19","98.35","98.17","98.39","98.13","","0.21%"
"2019-8-20","98.19","98.36","98.45","98.12","","-0.16%"
"2019-8-21","98.30","98.17","98.33","97.95","","0.11%"
"2019-8-22","98.17","98.25","98.39","98.08","","-0.13%"
"2019-8-23","97.64","98.19","98.45","97.17","","-0.54%"
"2019-8-26","98.08","97.59","98.09","97.48","","0.45%"
"2019-8-27","98.00","98.05","98.05","97.86","","-0.08%"
"2019-8-28","98.21","98.01","98.26","98.00","","0.21%"
"2019-8-29","98.51","98.19","98.55","98.16","","0.31%"
"2019-8-30","98.92","98.43","99.02","98.41","","0.42%"
"2019-9-2","98.92","98.83","99.13","98.81","","0.00%"
"2019-9-3","99.00","99.08","99.37","98.92","","0.08%"
"2019-9-4","98.45","98.96","98.97","98.39","","-0.56%"
"2019-9-5","98.41","98.40","98.53","98.08","","-0.04%"
"2019-9-6","98.39","98.42","98.52","98.01","","-0.02%"
"2019-9-9","98.28","98.42","98.51","98.14","","-0.11%"
"2019-9-10","98.33","98.33","98.46","98.26","","0.05%"
"2019-9-11","98.64","98.33","98.75","97.86","","0.32%"
"2019-9-12","98.31","98.63","99.10","98.19","","-0.33%"
"2019-9-13","98.26","98.41","98.43","97.86","","-0.05%"
"2019-9-16","98.61","98.12","98.71","98.03","","0.36%"
"2019-9-17","98.26","98.65","98.74","98.19","","-0.35%"
"2019-9-18","98.56","98.21","98.69","98.19","","0.31%"
"2019-9-19","98.27","98.57","98.62","98.20","","-0.29%"
"2019-9-20","98.51","98.34","98.64","98.14","","0.24%"
"2019-9-23","98.60","98.51","98.83","98.45","","0.09%"
"2019-9-24","98.34","98.64","98.70","98.29","","-0.26%"
"2019-9-25","99.04","98.38","99.06","98.36","","0.71%"
"2019-9-26","99.13","98.96","99.28","98.84","","0.09%"
"2019-9-27","99.11","99.19","99.31","98.99","","-0.02%"
"2019-9-30","99.38","99.12","99.46","99.05","","0.27%"
"2019-10-1","99.13","99.40","99.67","99.07","","-0.25%"
"2019-10-2","99.02","99.16","99.42","98.96","","-0.11%"
"2019-10-3","98.86","99.03","99.19","98.64","","-0.16%"
"2019-10-4","98.81","98.87","99.00","98.73","","-0.05%"
"2019-10-7","98.97","98.82","99.00","98.74","","0.16%"
"2019-10-8","99.13","98.98","99.25","98.85","","0.16%"
"2019-10-9","99.12","99.09","99.16","98.90","","-0.01%"
"2019-10-10","98.70","98.98","99.07","98.62","","-0.42%"
"2019-10-11","98.30","98.70","98.74","98.20","","-0.41%"
"2019-10-14","98.45","98.36","98.53","98.34","","0.15%"
"2019-10-15","98.29","98.45","98.64","98.21","","-0.16%"
"2019-10-16","98.00","98.32","98.42","97.90","","-0.30%"
"2019-10-17","97.61","97.99","98.11","97.50","","-0.40%"
"2019-10-18","97.28","97.60","97.66","97.14","","-0.34%"
"2019-10-21","97.33","97.34","97.40","97.15","","0.05%"
"2019-10-22","97.53","97.31","97.57","97.26","","0.21%"
"2019-10-23","97.49","97.49","97.65","97.42","","-0.04%"
"2019-10-24","97.63","97.46","97.78","97.28","","0.14%"
"2019-10-25","97.83","97.69","97.90","97.57","","0.20%"
"2019-10-28","97.76","97.85","97.89","97.67","","-0.07%"
"2019-10-29","97.69","97.75","97.93","97.61","","-0.07%"
"2019-10-30","97.65","97.67","98.00","97.45","","-0.04%"
"2019-10-31","97.35","97.44","97.45","97.22","","-0.31%"
"2019-11-1","97.24","97.30","97.45","97.11","","-0.11%"
"2019-11-4","97.50","97.22","97.58","97.17","","0.27%"
"2019-11-5","97.98","97.55","98.01","97.47","","0.49%"
"2019-11-6","97.95","97.94","97.98","97.78","","-0.03%"
"2019-11-7","98.14","97.95","98.23","97.82","","0.19%"
"2019-11-8","98.35","98.14","98.40","98.10","","0.21%"
"2019-11-11","98.20","98.37","98.38","98.13","","-0.15%"
"2019-11-12","98.31","98.21","98.42","98.21","","0.11%"
"2019-11-13","98.37","98.33","98.45","98.29","","0.06%"
"2019-11-14","98.16","98.34","98.42","98.11","","-0.21%"
"2019-11-15","98.00","98.17","98.23","97.96","","-0.16%"
"2019-11-18","97.79","97.98","97.98","97.68","","-0.21%"
"2019-11-19","97.86","97.81","97.89","97.75","","0.07%"
"2019-11-20","97.93","97.84","98.04","97.84","","0.07%"
"2019-11-21","97.99","97.86","98.03","97.73","","0.06%"
"2019-11-22","98.27","97.93","98.31","97.84","","0.29%"
"2019-11-25","98.32","98.27","98.38","98.17","","0.05%"
"2019-11-26","98.25","98.33","98.38","98.23","","-0.07%"
"2019-11-27","98.37","98.30","98.44","98.28","","0.12%"
"2019-11-28","98.37","98.33","98.40","98.26","","0.00%"
"2019-11-29","98.27","98.34","98.54","98.22","","-0.10%"
"2019-12-2","97.86","98.27","98.38","97.81","","-0.42%"
"2019-12-3","97.74","97.89","97.94","97.64","","-0.12%"
"2019-12-4","97.65","97.71","97.79","97.43","","-0.09%"
"2019-12-5","97.41","97.59","97.59","97.36","","-0.25%"
"2019-12-6","97.70","97.38","97.84","97.36","","0.30%"
"2019-12-9","97.64","97.68","97.72","97.56","","-0.06%"
"2019-12-10","97.41","97.65","97.66","97.40","","-0.24%"
"2019-12-11","97.08","97.51","97.60","97.04","","-0.34%"
"2019-12-12","97.40","97.08","97.52","96.59","","0.33%"
"2019-12-13","97.17","96.78","97.24","96.72","","-0.24%"
"2019-12-16","97.02","97.18","97.18","96.93","","-0.15%"
"2019-12-17","97.22","97.14","97.30","97.03","","0.21%"
"2019-12-18","97.40","97.23","97.47","97.22","","0.19%"
"2019-12-19","97.38","97.40","97.49","97.22","","-0.02%"
"2019-12-20","97.69","97.39","97.76","97.38","","0.32%"
"2019-12-23","97.66","97.67","97.82","97.58","","-0.03%"
"2019-12-24","97.65","97.66","97.80","97.61","","-0.01%"
"2019-12-25","97.65","97.67","97.73","97.35","","0.00%"
"2019-12-26","97.53","97.62","97.71","97.49","","-0.12%"
"2019-12-27","96.92","97.54","97.55","96.92","","-0.63%"
"2019-12-30","96.74","97.02","97.02","96.61","","-0.19%"
"2019-12-31","96.39","96.73","96.73","96.36","","-0.36%"
"2020-1-1","96.39","96.50","97.10","96.39","","0.00%"
"2020-1-2","96.85","96.48","96.87","96.42","","0.48%"
"2020-1-3","96.84","96.79","97.11","96.71","","-0.01%"
"2020-1-6","96.67","96.90","96.90","96.54","","-0.18%"
"2020-1-7","97.00","96.65","97.09","96.62","","0.34%"
"2020-1-8","97.30","96.83","97.35","96.82","","0.31%"
"2020-1-9","97.45","97.27","97.56","97.25","","0.15%"
"2020-1-10","97.36","97.43","97.58","97.30","","-0.09%"
"2020-1-13","97.34","97.35","97.53","97.31","","-0.02%"
"2020-1-14","97.37","97.36","97.56","97.33","","0.03%"
"2020-1-15","97.23","97.38","97.44","97.16","","-0.14%"
"2020-1-16","97.32","97.18","97.36","97.08","","0.09%"
"2020-1-17","97.64","97.30","97.66","97.27","","0.33%"
"2020-1-20","97.61","97.64","97.73","97.58","","-0.03%"
"2020-1-21","97.53","97.63","97.66","97.39","","-0.08%"
"2020-1-22","97.53","97.62","97.69","97.44","","0.00%"
"2020-1-23","97.69","97.48","97.80","97.43","","0.16%"
"2020-1-24","97.85","97.72","97.95","97.67","","0.16%"
"2020-1-27","97.96","97.88","98.00","97.78","","0.11%"
"2020-1-28","98.02","97.95","98.16","97.90","","0.06%"
"2020-1-29","97.99","97.95","98.19","97.94","","-0.03%"
"2020-1-30","97.87","98.03","98.07","97.79","","-0.12%"
"2020-1-31","97.39","97.87","97.97","97.35","","-0.49%"
"2020-2-3","97.80","97.37","97.89","97.37","","0.42%"
"2020-2-4","97.96","97.82","98.01","97.79","","0.16%"
"2020-2-5","98.30","97.94","98.32","97.90","","0.35%"
"2020-2-6","98.50","98.29","98.57","98.21","","0.20%"
"2020-2-7","98.68","98.46","98.72","98.42","","0.19%"
"2020-2-10","98.83","98.70","98.88","98.60","","0.15%"
"2020-2-11","98.72","98.86","98.95","98.71","","-0.11%"
"2020-2-12","99.05","98.77","99.05","98.71","","0.33%"
"2020-2-13","99.07","98.99","99.11","98.85","","0.02%"
"2020-2-14","99.12","99.12","99.17","99.00","","0.06%"
"2020-2-17","99.00","99.16","99.21","99.00","","-0.12%"
"2020-2-18","99.44","99.19","99.47","99.14","","0.44%"
"2020-2-19","99.71","99.43","99.72","99.38","","0.27%"
"2020-2-20","99.86","99.54","99.91","99.53","","0.16%"
"2020-2-21","99.26","99.86","99.87","99.23","","-0.60%"
"2020-2-24","99.36","99.34","99.64","99.11","","0.10%"
"2020-2-25","98.97","99.33","99.39","98.88","","-0.39%"
"2020-2-26","99.00","99.08","99.27","98.91","","0.03%"
"2020-2-27","98.51","99.02","99.05","98.36","","-0.49%"
"2020-2-28","98.13","98.42","98.66","97.96","","-0.38%"
"2020-3-2","97.36","98.12","98.12","97.18","","-0.79%"
"2020-3-3","97.15","97.56","97.69","96.98","","-0.21%"
"2020-3-4","97.34","97.17","97.59","97.12","","0.19%"
"2020-3-5","96.82","97.38","97.44","96.51","","-0.53%"
"2020-3-6","95.95","96.61","96.70","95.71","","-0.90%"
"2020-3-9","94.89","96.11","95.79","94.65","","-1.10%"
"2020-3-10","96.41","95.34","96.58","95.23","","1.60%"
"2020-3-11","96.51","96.33","96.69","95.91","","0.10%"
"2020-3-12","97.47","96.65","98.31","96.08","","1.00%"
"2020-3-13","98.75","97.45","98.81","97.33","","1.31%"
"2020-3-16","98.07","98.70","98.70","97.45","","-0.69%"
"2020-3-17","99.57","98.14","99.83","97.98","","1.54%"
"2020-3-18","101.16","99.38","101.74","99.15","","1.59%"
"2020-3-19","102.75","100.79","102.94","100.77","","1.58%"
"2020-3-20","102.82","102.94","102.99","101.09","","0.06%"
"2020-3-23","102.49","101.95","102.98","101.65","","-0.32%"
"2020-3-24","102.04","102.13","102.21","101.05","","-0.44%"
"2020-3-25","101.05","101.60","101.91","100.84","","-0.97%"
"2020-3-26","99.35","100.96","101.02","99.24","","-1.68%"
"2020-3-27","98.36","99.29","99.81","98.27","","-0.99%"
"2020-3-30","99.18","98.31","99.32","98.29","","0.83%"
"2020-3-31","99.05","99.25","99.95","98.89","","-0.13%"
"2020-4-1","99.67","99.01","99.84","98.91","","0.63%"
"2020-4-2","100.18","99.51","100.41","99.33","","0.51%"
"2020-4-3","100.58","100.20","100.85","100.14","","0.40%"
"2020-4-6","100.68","100.66","100.93","100.47","","0.11%"
"2020-4-7","99.90","100.75","100.79","99.77","","-0.78%"
"2020-4-8","100.12","99.91","100.43","99.90","","0.22%"
"2020-4-9","99.52","100.13","100.30","99.36","","-0.60%"
"2020-4-10","99.52","99.58","99.63","99.36","","0.00%"
"2020-4-13","99.35","99.49","99.63","99.14","","-0.17%"
"2020-4-14","98.89","99.38","99.43","98.82","","-0.46%"
"2020-4-15","99.46","98.82","99.98","98.82","","0.58%"
"2020-4-16","100.03","99.63","100.30","99.61","","0.57%"
"2020-4-17","99.78","99.86","100.29","99.62","","-0.24%"
"2020-4-20","99.96","99.71","100.07","99.65","","0.17%"
"2020-4-21","100.26","99.94","100.48","99.93","","0.30%"
"2020-4-22","100.39","100.21","100.50","99.90","","0.13%"
"2020-4-23","100.43","100.45","100.69","100.04","","0.04%"
"2020-4-24","100.38","100.50","100.87","100.19","","-0.05%"
"2020-4-27","100.04","100.23","100.32","99.83","","-0.34%"
"2020-4-28","99.86","100.06","100.21","99.45","","-0.18%"
"2020-4-29","99.57","99.88","99.89","99.46","","-0.30%"
"2020-4-30","99.02","99.48","99.72","98.81","","-0.55%"
"2020-5-1","99.08","99.13","99.21","98.64","","0.06%"
"2020-5-4","99.48","98.57","99.60","98.57","","0.41%"
"2020-5-5","99.71","99.51","99.97","99.30","","0.23%"
"2020-5-6","100.09","99.79","100.20","99.75","","0.38%"
"2020-5-7","99.89","100.21","100.40","99.81","","-0.20%"
"2020-5-8","99.73","99.84","99.94","99.10","","-0.16%"
"2020-5-11","100.24","99.12","100.28","99.12","","0.50%"
"2020-5-12","99.93","100.23","100.44","99.66","","-0.30%"
"2020-5-13","100.24","100.01","100.28","99.58","","0.31%"
"2020-5-14","100.47","100.19","100.56","100.15","","0.22%"
"2020-5-15","100.40","100.26","100.49","100.08","","-0.06%"
"2020-5-18","99.67","100.36","100.47","99.58","","-0.73%"
"2020-5-19","99.37","99.62","99.73","99.23","","-0.29%"
"2020-5-20","99.12","99.55","99.56","99.00","","-0.25%"
"2020-5-21","99.37","99.18","99.51","99.02","","0.25%"
"2020-5-22","99.86","99.42","99.87","99.39","","0.50%"
"2020-5-25","99.86","99.79","99.97","99.69","","0.00%"
"2020-5-26","98.91","99.76","99.77","98.90","","-0.96%"
"2020-5-27","99.06","99.02","99.34","98.72","","0.16%"
"2020-5-28","98.38","98.91","99.09","98.35","","-0.69%"
"2020-5-29","98.34","98.51","98.55","97.94","","-0.04%"
"2020-6-1","97.83","98.30","98.32","97.79","","-0.52%"
"2020-6-2","97.67","97.84","97.91","97.43","","-0.16%"
"2020-6-3","97.28","97.57","97.63","97.18","","-0.41%"
"2020-6-4","96.68","97.32","97.63","96.57","","-0.62%"
"2020-6-5","96.94","96.74","97.03","96.44","","0.27%"
"2020-6-8","96.62","96.84","97.07","96.60","","-0.33%"
"2020-6-9","96.32","96.63","97.06","96.23","","-0.30%"
"2020-6-10","95.96","96.43","96.46","95.72","","-0.38%"
"2020-6-11","96.73","96.09","96.83","95.95","","0.81%"
"2020-6-12","97.32","96.81","97.45","96.49","","0.61%"
"2020-6-15","96.71","97.09","97.39","96.60","","-0.63%"
"2020-6-16","96.96","96.56","97.25","96.43","","0.26%"
"2020-6-17","97.16","97.01","97.34","96.80","","0.21%"
"2020-6-18","97.42","97.08","97.58","96.95","","0.27%"
"2020-6-19","97.62","97.42","97.72","97.16","","0.21%"
"2020-6-22","97.04","97.66","97.74","97.00","","-0.60%"
"2020-6-23","96.65","96.93","97.25","96.39","","-0.40%"
"2020-6-24","97.15","96.66","97.24","96.55","","0.52%"
"2020-6-25","97.43","97.24","97.60","97.16","","0.29%"
"2020-6-26","97.43","97.35","97.68","97.26","","0.00%"
"2020-6-29","97.54","97.50","97.65","97.11","","0.11%"
"2020-6-30","97.39","97.40","97.80","97.23","","-0.15%"
"2020-7-1","97.20","97.39","97.62","97.03","","-0.20%"
"2020-7-2","97.32","97.14","97.34","96.81","","0.12%"
"2020-7-3","97.17","97.21","97.36","97.12","","-0.15%"
"2020-7-6","96.72","97.15","97.19","96.57","","-0.46%"
"2020-7-7","96.88","96.75","97.15","96.60","","0.16%"
"2020-7-8","96.43","96.99","97.05","96.40","","-0.47%"
"2020-7-9","96.70","96.45","96.81","96.24","","0.28%"
"2020-7-10","96.65","96.75","96.97","96.44","","-0.05%"
"2020-7-13","96.46","96.66","96.68","96.27","","-0.19%"
"2020-7-14","96.26","96.54","96.70","96.18","","-0.21%"
"2020-7-15","96.08","96.17","96.25","95.78","","-0.18%"
"2020-7-16","96.35","96.00","96.40","95.89","","0.28%"
"2020-7-17","95.94","96.28","96.33","95.90","","-0.42%"
"2020-7-20","95.83","96.01","96.18","95.73","","-0.11%"
"2020-7-21","95.12","95.75","95.92","95.05","","-0.75%"
"2020-7-22","94.99","95.13","95.41","94.83","","-0.14%"
"2020-7-23","94.69","94.98","95.18","94.59","","-0.31%"
"2020-7-24","94.43","94.77","94.83","94.33","","-0.27%"
"2020-7-27","93.67","94.35","94.42","93.48","","-0.81%"
"2020-7-28","93.70","93.58","94.01","93.49","","0.03%"
"2020-7-29","93.45","93.75","93.80","93.18","","-0.26%"
"2020-7-30","93.02","93.32","93.68","92.93","","-0.46%"
"2020-7-31","93.35","92.82","93.54","92.55","","0.35%"
"2020-8-3","93.54","93.46","93.99","93.32","","0.21%"
"2020-8-4","93.38","93.56","93.83","93.23","","-0.17%"
"2020-8-5","92.87","93.23","93.25","92.56","","-0.55%"
"2020-8-6","92.79","92.77","93.09","92.52","","-0.09%"
"2020-8-7","93.43","92.81","93.62","92.76","","0.70%"
"2020-8-10","93.58","93.39","93.69","93.30","","0.16%"
"2020-8-11","93.63","93.60","93.74","93.17","","0.05%"
"2020-8-12","93.44","93.68","93.90","93.27","","-0.20%"
"2020-8-13","93.33","93.36","93.39","92.93","","-0.12%"
"2020-8-14","93.10","93.22","93.41","93.01","","-0.26%"
"2020-8-17","92.85","93.10","93.12","92.77","","-0.26%"
"2020-8-18","92.27","92.82","92.82","92.13","","-0.62%"
"2020-8-19","92.89","92.28","93.05","92.15","","0.67%"
"2020-8-20","92.79","92.96","93.24","92.73","","-0.10%"
"2020-8-21","93.25","92.72","93.47","92.57","","0.49%"
"2020-8-24","93.30","93.20","93.34","92.84","","0.05%"
"2020-8-25","93.02","93.28","93.35","92.97","","-0.30%"
"2020-8-26","93.01","93.02","93.36","92.85","","-0.01%"
"2020-8-27","93.00","92.85","93.32","92.42","","0.00%"
"2020-8-28","92.37","93.02","93.10","92.20","","-0.68%"
"2020-8-31","92.14","92.30","92.48","91.99","","-0.25%"
"2020-9-1","92.34","92.18","92.40","91.75","","0.21%"
"2020-9-2","92.85","92.28","92.87","92.21","","0.55%"
"2020-9-3","92.74","92.66","93.07","92.65","","-0.12%"
"2020-9-4","92.72","92.80","93.24","92.66","","-0.02%"
"2020-9-7","92.72","92.97","93.09","92.72","","0.00%"
"2020-9-8","93.44","93.05","93.52","93.00","","0.78%"
"2020-9-9","93.25","93.58","93.66","93.14","","-0.20%"
"2020-9-10","93.34","93.23","93.45","92.70","","0.09%"
"2020-9-11","93.33","93.33","93.38","93.10","","0.00%"
"2020-9-14","93.05","93.29","93.33","92.87","","-0.30%"
"2020-9-15","93.05","93.06","93.14","92.79","","0.00%"
"2020-9-16","93.21","93.08","93.28","92.78","","0.18%"
"2020-9-17","92.97","93.15","93.59","92.87","","-0.26%"
"2020-9-18","92.93","92.86","93.01","92.77","","-0.05%"
"2020-9-21","93.66","93.00","93.78","92.75","","0.79%"
"2020-9-22","93.99","93.55","94.08","93.46","","0.35%"
"2020-9-23","94.39","93.99","94.43","93.93","","0.43%"
"2020-9-24","94.35","94.38","94.59","94.20","","-0.04%"
"2020-9-25","94.64","94.32","94.74","94.19","","0.31%"
"2020-9-28","94.28","94.58","94.64","94.15","","-0.38%"
"2020-9-29","93.89","94.24","94.30","93.82","","-0.41%"
"2020-9-30","93.89","93.85","94.19","93.67","","0.00%"
"2020-10-1","93.71","93.80","93.92","93.53","","-0.19%"
"2020-10-2","93.84","93.73","94.03","93.69","","0.14%"
"2020-10-5","93.51","93.81","93.87","93.37","","-0.35%"
"2020-10-6","93.69","93.43","93.85","93.33","","0.18%"
"2020-10-7","93.63","93.83","93.90","93.56","","-0.06%"
"2020-10-8","93.61","93.61","93.78","93.50","","-0.03%"
"2020-10-9","93.06","93.56","93.59","93.00","","-0.59%"
"2020-10-12","93.07","93.06","93.24","93.01","","0.01%"
"2020-10-13","93.53","93.03","93.60","93.03","","0.50%"
"2020-10-14","93.38","93.54","93.67","93.25","","-0.16%"
"2020-10-15","93.86","93.43","93.90","93.37","","0.51%"
"2020-10-16","93.68","93.80","93.88","93.53","","-0.19%"
"2020-10-19","93.43","93.72","93.77","93.21","","-0.27%"
"2020-10-20","93.07","93.42","93.50","93.00","","-0.39%"
"2020-10-21","92.61","93.05","93.07","92.47","","-0.49%"
"2020-10-22","92.95","92.67","92.97","92.61","","0.37%"
"2020-10-23","92.77","92.93","93.13","92.66","","-0.20%"
"2020-10-26","93.04","92.76","93.11","92.74","","0.30%"
"2020-10-27","92.94","93.07","93.13","92.79","","-0.11%"
"2020-10-28","93.40","93.15","93.64","93.05","","0.50%"
"2020-10-29","93.96","93.46","94.10","93.33","","0.59%"
"2020-10-30","94.04","93.92","94.08","93.65","","0.09%"
"2020-11-2","94.13","93.89","94.29","93.89","","0.10%"
"2020-11-3","93.55","94.05","94.05","93.29","","-0.61%"
"2020-11-4","93.41","93.09","94.30","93.09","","-0.16%"
"2020-11-5","92.53","93.34","93.54","92.49","","-0.94%"
"2020-11-6","92.23","92.57","92.82","92.18","","-0.32%"
"2020-11-9","92.72","92.24","92.96","92.13","","0.54%"
"2020-11-10","92.75","92.76","92.97","92.60","","0.03%"
"2020-11-11","93.04","92.70","93.21","92.61","","0.32%"
"2020-11-12","92.96","93.01","93.14","92.78","","-0.09%"
"2020-11-13","92.75","92.95","93.00","92.71","","-0.22%"
"2020-11-16","92.64","92.72","92.84","92.46","","-0.12%"
"2020-11-17","92.42","92.49","92.61","92.27","","-0.24%"
"2020-11-18","92.32","92.44","92.51","92.21","","-0.11%"
"2020-11-19","92.29","92.56","92.72","92.24","","-0.02%"
"2020-11-20","92.39","92.34","92.43","92.21","","0.11%"
"2020-11-23","92.50","92.40","92.80","92.02","","0.12%"
"2020-11-24","92.23","92.53","92.56","92.13","","-0.30%"
"2020-11-25","91.99","92.11","92.26","91.93","","-0.25%"
"2020-11-26","91.99","91.95","92.17","91.85","","0.00%"
"2020-11-27","91.79","92.02","92.05","91.76","","-0.22%"
"2020-11-30","91.87","91.78","92.05","91.51","","0.09%"
"2020-12-1","91.31","91.94","91.94","91.16","","-0.61%"
"2020-12-2","91.12","91.19","91.50","90.99","","-0.21%"
"2020-12-3","90.71","91.06","91.09","90.51","","-0.44%"
"2020-12-4","90.70","90.71","90.87","90.48","","-0.01%"
"2020-12-7","90.79","90.81","91.24","90.62","","0.10%"
"2020-12-8","90.96","90.90","91.02","90.75","","0.19%"
"2020-12-9","91.09","90.92","91.20","90.69","","0.13%"
"2020-12-10","90.82","91.06","91.15","90.67","","-0.29%"
"2020-12-11","90.98","90.74","91.04","90.62","","0.17%"
"2020-12-14","90.71","90.98","90.98","90.42","","-0.29%"
"2020-12-15","90.47","90.69","90.82","90.42","","-0.26%"
"2020-12-16","90.45","90.49","90.70","90.13","","-0.03%"
"2020-12-17","89.82","90.27","90.27","89.73","","-0.69%"
"2020-12-18","90.02","89.83","90.13","89.83","","0.22%"
"2020-12-21","90.04","89.92","91.02","89.92","","0.03%"
"2020-12-22","90.65","90.09","90.72","90.06","","0.68%"
"2020-12-23","90.41","90.52","90.67","90.16","","-0.27%"
"2020-12-24","90.32","90.28","90.38","90.15","","-0.10%"
"2020-12-25","90.32","90.33","90.42","90.21","","0.00%"
"2020-12-28","90.34","90.22","90.38","89.98","","0.02%"
"2020-12-29","89.99","90.21","90.23","89.85","","-0.38%"
"2020-12-30","89.68","89.98","89.98","89.56","","-0.35%"
"2020-12-31","89.94","89.61","89.98","89.52","","0.29%"
"2021-1-1","89.94","89.93","89.94","89.93","","0.00%"
"2021-1-4","89.87","89.93","89.94","89.42","","-0.08%"
"2021-1-5","89.44","89.90","89.90","89.43","","-0.48%"
"2021-1-6","89.53","89.48","89.80","89.21","","0.11%"
"2021-1-7","89.83","89.32","89.97","89.32","","0.33%"
"2021-1-8","90.10","89.83","90.25","89.66","","0.30%"
"2021-1-11","90.46","90.07","90.73","90.03","","0.41%"
"2021-1-12","90.09","90.52","90.62","90.03","","-0.41%"
"2021-1-13","90.36","90.00","90.45","89.92","","0.29%"
"2021-1-14","90.24","90.28","90.58","90.07","","-0.13%"
"2021-1-15","90.77","90.22","90.80","90.22","","0.59%"
"2021-1-18","90.76","90.78","90.95","90.71","","-0.01%"
"2021-1-19","90.50","90.73","90.76","90.40","","-0.29%"
"2021-1-20","90.47","90.41","90.70","90.28","","-0.03%"
"2021-1-21","90.13","90.42","90.45","90.05","","-0.38%"
"2021-1-22","90.24","90.05","90.31","90.05","","0.12%"
"2021-1-25","90.39","90.23","90.52","90.08","","0.17%"
"2021-1-26","90.17","90.39","90.61","90.12","","-0.24%"
"2021-1-27","90.65","90.15","90.88","90.15","","0.53%"
"2021-1-28","90.46","90.73","90.86","90.40","","-0.21%"
"2021-1-29","90.58","90.56","90.78","90.36","","0.14%"
"2021-2-1","90.98","90.53","91.06","90.50","","0.44%"
"2021-2-2","91.20","91.00","91.29","90.80","","0.24%"
"2021-2-3","91.17","91.05","91.31","90.99","","-0.03%"
"2021-2-4","91.53","91.09","91.58","91.08","","0.39%"
"2021-2-5","91.04","91.49","91.60","90.98","","-0.53%"
"2021-2-8","90.93","91.00","91.24","90.90","","-0.12%"
"2021-2-9","90.44","90.91","90.93","90.43","","-0.54%"
"2021-2-10","90.37","90.49","90.53","90.25","","-0.08%"
"2021-2-11","90.42","90.46","90.47","90.26","","0.05%"
"2021-2-12","90.48","90.41","90.74","90.38","","0.07%"
"2021-2-15","90.48","90.45","90.48","90.27","","0.00%"
"2021-2-16","90.51","90.29","90.65","90.12","","0.03%"
"2021-2-17","90.95","90.71","91.06","90.62","","0.49%"
"2021-2-18","90.59","90.90","90.98","90.54","","-0.39%"
"2021-2-19","90.36","90.57","90.65","90.18","","-0.25%"
"2021-2-22","90.01","90.34","90.57","90.00","","-0.39%"
"2021-2-23","90.17","90.02","90.26","89.94","","0.18%"
"2021-2-24","90.18","90.10","90.43","89.98","","0.01%"
"2021-2-25","90.13","90.07","90.29","89.68","","-0.05%"
"2021-2-26","90.88","90.36","90.97","90.13","","0.83%"
"2021-3-1","91.04","90.93","91.14","90.69","","0.18%"
"2021-3-2","90.79","91.03","91.39","90.72","","-0.28%"
"2021-3-3","90.95","90.79","91.06","90.63","","0.18%"
"2021-3-4","91.63","91.01","91.67","90.97","","0.75%"
"2021-3-5","91.98","91.66","92.19","91.62","","0.38%"
"2021-3-8","92.31","91.99","92.42","91.84","","0.37%"
"2021-3-9","91.96","92.46","92.50","91.91","","-0.38%"
"2021-3-10","91.82","92.05","92.24","91.77","","-0.15%"
"2021-3-11","91.42","91.79","91.88","91.36","","-0.44%"
"2021-3-12","91.68","91.43","91.96","91.40","","0.28%"
"2021-3-15","91.83","91.66","91.96","91.54","","0.17%"
"2021-3-16","91.86","91.83","92.03","91.68","","0.03%"
"2021-3-17","91.44","91.86","92.00","91.37","","-0.46%"
"2021-3-18","91.86","91.40","91.90","91.30","","0.46%"
"2021-3-19","91.92","91.83","92.17","91.66","","0.06%"
"2021-3-22","91.74","92.07","92.15","91.71","","-0.19%"
"2021-3-23","92.34","91.80","92.39","91.76","","0.65%"
"2021-3-24","92.53","92.39","92.61","92.34","","0.21%"
"2021-3-25","92.53","92.60","92.92","92.51","","0.00%"
"2021-3-26","92.77","92.81","92.87","92.64","","0.26%"
"2021-3-29","92.94","92.72","92.96","92.72","","0.19%"
"2021-3-30","93.30","92.91","93.35","92.88","","0.38%"
"2021-3-31","93.23","93.24","93.44","92.99","","-0.07%"
"2021-4-1","92.93","93.22","93.34","92.88","","-0.32%"
"2021-4-2","93.02","92.89","93.07","92.83","","0.10%"
"2021-4-5","92.60","93.01","93.11","92.54","","-0.46%"
"2021-4-6","92.33","92.57","92.79","92.27","","-0.28%"
"2021-4-7","92.46","92.32","92.50","92.14","","0.13%"
"2021-4-8","92.06","92.42","92.48","92.00","","-0.43%"
"2021-4-9","92.16","92.07","92.41","92.03","","0.11%"
"2021-4-12","92.14","92.18","92.33","92.01","","-0.03%"
"2021-4-13","91.85","92.08","92.32","91.79","","-0.31%"
"2021-4-14","91.69","91.83","91.83","91.57","","-0.18%"
"2021-4-15","91.69","91.63","91.75","91.49","","0.00%"
"2021-4-16","91.56","91.66","91.81","91.49","","-0.15%"
"2021-4-19","91.07","91.54","91.75","91.03","","-0.53%"
"2021-4-20","91.24","91.05","91.28","90.86","","0.19%"
"2021-4-21","91.15","91.21","91.43","91.09","","-0.09%"
"2021-4-22","91.33","91.11","91.42","91.00","","0.20%"
"2021-4-23","90.86","91.29","91.30","90.81","","-0.52%"
"2021-4-26","90.81","90.83","90.99","90.68","","-0.06%"
"2021-4-27","90.91","90.88","91.07","90.81","","0.11%"
"2021-4-28","90.61","90.90","91.13","90.55","","-0.33%"
"2021-4-29","90.61","90.55","90.79","90.42","","0.00%"
"2021-4-30","91.28","90.63","91.32","90.59","","0.73%"
"2021-5-3","90.94","91.30","91.39","90.87","","-0.37%"
"2021-5-4","91.29","91.00","91.40","90.99","","0.38%"
"2021-5-5","91.31","91.28","91.44","91.17","","0.02%"
"2021-5-6","90.95","91.27","91.38","90.88","","-0.39%"
"2021-5-7","90.23","90.88","90.96","90.19","","-0.79%"
"2021-5-10","90.21","90.23","90.34","90.04","","-0.02%"
"2021-5-11","90.14","90.24","90.36","89.98","","-0.08%"
"2021-5-12","90.71","90.19","90.80","90.16","","0.63%"
"2021-5-13","90.75","90.75","90.91","90.59","","0.04%"
"2021-5-14","90.32","90.76","90.80","90.28","","-0.47%"
"2021-5-17","90.16","90.30","90.43","90.15","","-0.17%"
"2021-5-18","89.75","90.18","90.20","89.69","","-0.46%"
"2021-5-19","90.19","89.78","90.29","89.69","","0.49%"
"2021-5-20","89.81","90.21","90.23","89.75","","-0.42%"
"2021-5-21","90.02","89.78","90.15","89.65","","0.23%"
"2021-5-24","89.84","90.03","90.10","89.76","","-0.19%"
"2021-5-25","89.64","89.85","89.87","89.54","","-0.23%"
"2021-5-26","90.04","89.69","90.11","89.59","","0.45%"
"2021-5-27","89.97","90.08","90.18","89.89","","-0.08%"
"2021-5-28","90.03","90.03","90.44","89.98","","0.07%"
"2021-5-31","90.03","90.06","90.12","89.82","","0.00%"
"2021-6-1","89.83","89.81","89.94","89.66","","-0.22%"
"2021-6-2","89.91","89.92","90.25","89.86","","0.09%"
"2021-6-3","90.51","89.93","90.55","89.89","","0.67%"
"2021-6-4","90.14","90.47","90.63","90.03","","-0.42%"
"2021-6-7","89.95","90.13","90.30","89.91","","-0.21%"
"2021-6-8","90.08","89.99","90.18","89.96","","0.14%"
"2021-6-9","90.12","90.13","90.17","89.84","","0.05%"
"2021-6-10","90.07","90.14","90.31","89.98","","-0.05%"
"2021-6-11","90.56","90.07","90.61","89.96","","0.53%"
"2021-6-14","90.52","90.51","90.60","90.41","","-0.04%"
"2021-6-15","90.54","90.48","90.68","90.35","","0.02%"
"2021-6-16","91.13","90.54","91.40","90.44","","0.65%"
"2021-6-17","91.89","91.43","92.01","91.31","","0.83%"
"2021-6-18","92.22","91.88","92.40","91.81","","0.37%"
"2021-6-21","91.90","92.32","92.37","91.83","","-0.35%"
"2021-6-22","91.76","91.88","92.14","91.64","","-0.16%"
"2021-6-23","91.80","91.73","91.90","91.51","","0.05%"
"2021-6-24","91.81","91.80","91.91","91.66","","0.01%"
"2021-6-25","91.85","91.83","91.88","91.53","","0.04%"
"2021-6-28","91.89","91.81","92.01","91.70","","0.04%"
"2021-6-29","92.05","91.88","92.19","91.86","","0.18%"
"2021-6-30","92.44","92.08","92.45","92.00","","0.42%"
"2021-7-1","92.60","92.35","92.60","92.26","","0.17%"
"2021-7-2","92.23","92.57","92.74","92.18","","-0.40%"
"2021-7-5","92.21","92.24","92.36","92.14","","-0.02%"
"2021-7-6","92.55","92.24","92.66","92.00","","0.36%"
"2021-7-7","92.64","92.53","92.85","92.43","","0.11%"
"2021-7-8","92.42","92.70","92.79","92.24","","-0.25%"
"2021-7-9","92.13","92.36","92.54","92.09","","-0.31%"
"2021-7-12","92.26","92.10","92.42","92.08","","0.14%"
"2021-7-13","92.75","92.23","92.81","92.14","","0.53%"
"2021-7-14","92.41","92.80","92.83","92.35","","-0.37%"
"2021-7-15","92.62","92.39","92.69","92.27","","0.23%"
"2021-7-16","92.69","92.59","92.76","92.53","","0.07%"
"2021-7-19","92.89","92.71","93.04","92.64","","0.22%"
"2021-7-20","92.97","92.88","93.17","92.80","","0.09%"
"2021-7-21","92.75","92.97","93.19","92.73","","-0.24%"
"2021-7-22","92.82","92.80","92.92","92.51","","0.07%"
"2021-7-23","92.91","92.81","93.02","92.78","","0.10%"
"2021-7-26","92.65","92.91","92.96","92.53","","-0.28%"
"2021-7-27","92.43","92.63","92.84","92.32","","-0.23%"
"2021-7-28","92.32","92.46","92.75","92.24","","-0.12%"
"2021-7-29","91.86","92.26","92.29","91.86","","-0.50%"
"2021-7-30","92.17","91.85","92.20","91.78","","0.34%"
"2021-8-2","92.05","92.09","92.17","91.91","","-0.14%"
"2021-8-3","92.08","92.06","92.15","91.89","","0.04%"
"2021-8-4","92.27","92.04","92.31","91.82","","0.21%"
"2021-8-5","92.24","92.28","92.35","92.11","","-0.03%"
"2021-8-6","92.80","92.26","92.84","92.26","","0.60%"
"2021-8-9","92.94","92.78","92.99","92.72","","0.16%"
"2021-8-10","93.06","92.98","93.14","92.94","","0.12%"
"2021-8-11","92.92","93.07","93.19","92.80","","-0.14%"
"2021-8-12","93.04","92.89","93.04","92.85","","0.12%"
"2021-8-13","92.52","92.97","93.01","92.47","","-0.56%"
"2021-8-16","92.63","92.52","92.66","92.48","","0.12%"
"2021-8-17","93.13","92.62","93.17","92.61","","0.54%"
"2021-8-18","93.14","93.14","93.26","92.96","","0.01%"
"2021-8-19","93.57","93.14","93.58","93.14","","0.46%"
"2021-8-20","93.50","93.56","93.73","93.43","","-0.08%"
"2021-8-23","92.96","93.46","93.50","92.95","","-0.58%"
"2021-8-24","92.89","92.99","93.08","92.81","","-0.07%"
"2021-8-25","92.82","92.88","93.13","92.81","","-0.07%"
"2021-8-26","93.06","92.83","93.08","92.81","","0.26%"
"2021-8-27","92.69","93.03","93.18","92.63","","-0.40%"
"2021-8-30","92.65","92.68","92.79","92.60","","-0.04%"
"2021-8-31","92.63","92.71","92.75","92.40","","-0.03%"
"2021-9-1","92.45","92.66","92.79","92.38","","-0.19%"
"2021-9-2","92.22","92.51","92.54","92.21","","-0.24%"
"2021-9-3","92.04","92.22","92.26","91.95","","-0.21%"
"2021-9-6","92.04","92.12","92.31","92.04","","0.00%"
"2021-9-7","92.51","92.20","92.57","92.10","","0.52%"
"2021-9-8","92.65","92.54","92.86","92.47","","0.15%"
"2021-9-9","92.48","92.71","92.76","92.38","","-0.19%"
"2021-9-10","92.58","92.53","92.65","92.33","","0.11%"
"2021-9-13","92.68","92.61","92.89","92.57","","0.10%"
"2021-9-14","92.62","92.62","92.68","92.32","","-0.06%"
"2021-9-15","92.55","92.68","92.68","92.42","","-0.08%"
"2021-9-16","92.93","92.46","92.96","92.46","","0.41%"
"2021-9-17","93.19","92.88","93.25","92.76","","0.28%"
"2021-9-20","93.28","93.25","93.45","93.18","","0.09%"
"2021-9-21","93.20","93.24","93.29","93.05","","-0.08%"
"2021-9-22","93.46","93.22","93.51","92.99","","0.28%"
"2021-9-23","93.03","93.48","93.52","92.98","","-0.46%"
"2021-9-24","93.33","93.07","93.42","93.05","","0.32%"
"2021-9-27","93.38","93.28","93.49","93.21","","0.06%"
"2021-9-28","93.77","93.41","93.81","93.36","","0.41%"
"2021-9-29","94.34","93.72","94.43","93.67","","0.61%"
"2021-9-30","94.23","94.35","94.50","94.11","","-0.11%"
"2021-10-1","94.04","94.31","94.39","93.99","","-0.21%"
"2021-10-4","93.78","94.07","94.10","93.68","","-0.28%"
"2021-10-5","93.97","93.83","94.07","93.81","","0.21%"
"2021-10-6","94.27","93.99","94.45","93.98","","0.31%"
"2021-10-7","94.22","94.23","94.28","94.08","","-0.05%"
"2021-10-8","94.07","94.21","94.34","93.94","","-0.16%"
"2021-10-11","94.32","94.10","94.40","94.03","","0.26%"
"2021-10-12","94.52","94.37","94.56","94.23","","0.21%"
"2021-10-13","94.08","94.52","94.53","94.00","","-0.46%"
"2021-10-14","93.96","94.02","94.09","93.76","","-0.13%"
"2021-10-15","93.94","94.03","94.07","93.85","","-0.02%"
"2021-10-18","93.95","93.95","94.17","93.87","","0.02%"
"2021-10-19","93.73","93.95","93.95","93.50","","-0.23%"
"2021-10-20","93.56","93.81","93.88","93.54","","-0.19%"
"2021-10-21","93.77","93.58","93.79","93.50","","0.23%"
"2021-10-22","93.64","93.75","93.79","93.54","","-0.14%"
"2021-10-25","93.81","93.66","93.96","93.48","","0.18%"
"2021-10-26","93.95","93.84","94.02","93.71","","0.14%"
"2021-10-27","93.80","93.97","94.01","93.69","","-0.16%"
"2021-10-28","93.35","93.88","93.97","93.28","","-0.49%"
"2021-10-29","94.12","93.36","94.30","93.32","","0.83%"
"2021-11-1","93.88","94.13","94.31","93.86","","-0.26%"
"2021-11-2","94.09","93.93","94.13","93.82","","0.22%"
"2021-11-3","93.86","94.12","94.21","93.82","","-0.24%"
"2021-11-4","94.35","93.86","94.47","93.82","","0.51%"
"2021-11-5","94.32","94.34","94.62","94.19","","-0.03%"
"2021-11-8","94.05","94.25","94.38","93.99","","-0.29%"
"2021-11-9","93.96","94.09","94.15","93.88","","-0.10%"
"2021-11-10","94.85","93.98","94.90","93.97","","0.95%"
"2021-11-11","95.18","94.84","95.20","94.84","","0.35%"
"2021-11-12","95.13","95.18","95.26","95.00","","-0.05%"
"2021-11-15","95.41","95.12","95.60","94.97","","0.29%"
"2021-11-16","95.92","95.47","95.98","95.40","","0.53%"
"2021-11-17","95.83","95.94","96.24","95.73","","-0.09%"
"2021-11-18","95.54","95.80","95.84","95.52","","-0.30%"
"2021-11-19","96.03","95.58","96.24","95.58","","0.51%"
"2021-11-22","96.55","96.07","96.55","96.04","","0.54%"
"2021-11-23","96.49","96.46","96.61","96.31","","-0.06%"
"2021-11-24","96.88","96.53","96.94","96.43","","0.40%"
"2021-11-25","96.77","96.81","96.82","96.65","","-0.10%"
"2021-11-26","96.09","96.72","96.77","95.75","","-0.71%"
"2021-11-29","96.34","96.07","96.44","96.07","","0.26%"
"2021-11-30","95.99","96.22","96.64","95.52","","-0.36%"
"2021-12-1","96.03","95.94","96.14","95.67","","0.04%"
"2021-12-2","96.16","96.07","96.18","95.83","","0.13%"
"2021-12-3","96.12","96.12","96.45","95.97","","-0.04%"
"2021-12-6","96.33","96.15","96.43","96.13","","0.22%"
"2021-12-7","96.37","96.30","96.59","96.17","","0.04%"
"2021-12-8","95.89","96.26","96.38","95.85","","-0.49%"
"2021-12-9","96.27","95.96","96.34","95.96","","0.39%"
"2021-12-10","96.10","96.21","96.43","95.98","","-0.18%"
"2021-12-13","96.32","96.05","96.44","96.05","","0.23%"
"2021-12-14","96.57","96.35","96.59","96.10","","0.26%"
"2021-12-15","96.51","96.55","96.91","96.30","","-0.06%"
"2021-12-16","96.04","96.43","96.45","95.85","","-0.49%"
"2021-12-17","96.57","96.00","96.69","95.88","","0.54%"
"2021-12-20","96.55","96.67","96.69","96.33","","-0.01%"
"2021-12-21","96.49","96.54","96.64","96.34","","-0.06%"
"2021-12-22","96.08","96.47","96.60","96.02","","-0.43%"
"2021-12-23","96.02","96.03","96.28","95.99","","-0.06%"
"2021-12-27","96.09","96.15","96.26","96.05","","0.08%"
"2021-12-28","96.20","96.07","96.28","96.00","","0.11%"
"2021-12-29","95.93","96.15","96.39","95.76","","-0.28%"
"2021-12-30","95.97","95.89","96.22","95.86","","0.04%"
"2021-12-31","95.97","95.99","96.11","95.57","","0.00%"
"2022-1-3","96.21","95.67","96.33","95.63","","0.26%"
"2022-1-4","96.26","96.19","96.46","96.03","","0.05%"
"2022-1-5","96.17","96.31","96.33","95.89","","-0.09%"
"2022-1-6","96.32","96.20","96.39","96.04","","0.15%"
"2022-1-7","95.72","96.26","96.29","95.71","","-0.62%"
"2022-1-10","95.99","95.74","96.23","95.74","","0.28%"
"2022-1-11","95.62","95.93","96.07","95.58","","-0.38%"
"2022-1-12","94.92","95.58","95.69","94.91","","-0.74%"
"2022-1-13","94.79","94.99","95.02","94.66","","-0.13%"
"2022-1-14","95.17","94.87","95.27","94.63","","0.40%"
"2022-1-17","95.26","95.17","95.35","95.04","","0.10%"
"2022-1-18","95.73","95.22","95.83","95.13","","0.50%"
"2022-1-19","95.51","95.77","95.79","95.49","","-0.23%"
"2022-1-20","95.74","95.59","95.86","95.42","","0.24%"
"2022-1-21","95.64","95.81","95.84","95.50","","-0.10%"
"2022-1-24","95.92","95.64","96.13","95.63","","0.29%"
"2022-1-25","95.95","95.93","96.27","95.90","","0.03%"
"2022-1-26","96.39","95.96","96.54","95.91","","0.46%"
"2022-1-27","97.25","96.54","97.29","96.53","","0.90%"
"2022-1-28","97.27","97.25","97.44","97.06","","0.02%"
"2022-1-31","96.54","97.22","97.30","96.52","","-0.75%"
"2022-2-1","96.39","96.70","96.72","96.24","","-0.16%"
"2022-2-2","95.94","96.27","96.30","95.81","","-0.47%"
"2022-2-3","95.38","96.02","96.25","95.24","","-0.58%"
"2022-2-4","95.49","95.31","95.70","95.14","","0.11%"
"2022-2-7","95.40","95.48","95.63","95.35","","-0.09%"
"2022-2-8","95.64","95.43","95.75","95.40","","0.26%"
"2022-2-9","95.49","95.59","95.67","95.38","","-0.16%"
"2022-2-10","95.55","95.57","96.00","95.17","","0.06%"
"2022-2-11","96.08","95.94","96.11","95.64","","0.55%"
"2022-2-14","96.37","96.03","96.43","95.91","","0.30%"
"2022-2-15","95.99","96.24","96.29","95.96","","-0.40%"
"2022-2-16","95.70","96.01","96.06","95.68","","-0.30%"
"2022-2-17","95.80","95.77","96.11","95.71","","0.10%"
"2022-2-18","96.04","95.83","96.17","95.73","","0.25%"
"2022-2-21","96.08","96.11","96.15","95.69","","0.04%"
"2022-2-22","96.03","96.08","96.26","95.84","","-0.06%"
"2022-2-23","96.19","96.04","96.24","95.85","","0.17%"
"2022-2-24","97.14","96.22","97.74","96.22","","0.98%"
"2022-2-25","96.61","97.00","97.22","96.52","","-0.54%"
"2022-2-28","96.71","96.54","97.42","96.54","","0.10%"
"2022-3-1","97.41","96.76","97.58","96.63","","0.73%"
"2022-3-2","97.39","97.37","97.83","97.29","","-0.02%"
"2022-3-3","97.79","97.47","97.95","97.43","","0.41%"
"2022-3-4","98.65","98.04","98.92","97.84","","0.88%"
"2022-3-7","99.29","98.51","99.42","98.51","","0.65%"
"2022-3-8","99.06","99.24","99.32","98.71","","-0.23%"
"2022-3-9","97.97","99.12","99.12","97.85","","-1.10%"
"2022-3-10","98.51","98.06","98.60","97.71","","0.55%"
"2022-3-11","99.12","98.36","99.16","98.27","","0.63%"
"2022-3-14","99.00","99.13","99.29","98.68","","-0.13%"
"2022-3-15","99.10","99.13","99.20","98.64","","0.10%"
"2022-3-16","98.62","98.89","99.08","98.29","","-0.48%"
"2022-3-17","97.97","98.50","98.51","97.73","","-0.65%"
"2022-3-18","98.23","98.00","98.62","97.84","","0.26%"
"2022-3-21","98.50","98.24","98.53","98.16","","0.27%"
"2022-3-22","98.49","98.49","98.96","98.32","","-0.01%"
"2022-3-23","98.62","98.47","98.88","98.39","","0.13%"
"2022-3-24","98.79","98.64","98.96","98.60","","0.17%"
"2022-3-25","98.79","98.75","98.83","98.40","","0.00%"
"2022-3-28","99.09","98.81","99.37","98.80","","0.31%"
"2022-3-29","98.40","99.08","99.29","98.04","","-0.69%"
"2022-3-30","97.79","98.37","98.43","97.68","","-0.62%"
"2022-3-31","98.31","97.83","98.40","97.69","","0.53%"
"2022-4-1","98.63","98.33","98.74","98.31","","0.33%"
"2022-4-4","99.00","98.57","99.08","98.52","","0.37%"
"2022-4-5","99.47","99.00","99.52","98.84","","0.48%"
"2022-4-6","99.60","99.47","99.77","99.31","","0.13%"
"2022-4-7","99.75","99.65","99.83","99.40","","0.15%"
"2022-4-8","99.80","99.82","100.19","99.74","","0.05%"
"2022-4-11","99.93","99.84","100.05","99.61","","0.14%"
"2022-4-12","100.29","100.04","100.33","99.74","","0.36%"
"2022-4-13","99.88","100.34","100.52","99.83","","-0.42%"
"2022-4-14","100.32","99.79","100.76","99.57","","0.45%"
"2022-4-15","100.32","100.42","100.57","100.32","","0.00%"
"2022-4-18","100.78","100.50","100.86","100.46","","0.46%"
"2022-4-19","100.96","100.83","101.03","100.70","","0.18%"
"2022-4-20","100.39","100.98","101.04","100.22","","-0.57%"
"2022-4-21","100.58","100.35","100.64","99.82","","0.19%"
"2022-4-22","101.22","100.62","101.33","100.47","","0.64%"
"2022-4-25","101.75","101.12","101.86","101.04","","0.53%"
"2022-4-26","102.30","101.73","102.36","101.51","","0.54%"
"2022-4-27","102.95","102.28","103.28","102.22","","0.64%"
"2022-4-28","103.62","103.04","103.93","102.98","","0.65%"
"2022-4-29","102.96","103.67","103.67","102.82","","-0.64%"
"2022-5-2","103.74","103.21","103.75","103.11","","0.76%"
"2022-5-3","103.46","103.60","103.67","103.03","","-0.27%"
"2022-5-4","102.59","103.46","103.61","102.46","","-0.85%"
"2022-5-5","103.75","102.68","103.94","102.35","","1.14%"
"2022-5-6","103.66","103.56","104.06","103.19","","-0.09%"
"2022-5-9","103.65","103.66","104.19","103.39","","-0.01%"
"2022-5-10","103.92","103.73","103.98","103.50","","0.26%"
"2022-5-11","103.85","103.90","104.11","103.37","","-0.07%"
"2022-5-12","104.85","104.01","104.93","103.88","","0.97%"
"2022-5-13","104.56","104.77","105.00","104.46","","-0.27%"
"2022-5-16","104.19","104.46","104.64","104.14","","-0.36%"
"2022-5-17","103.36","104.17","104.23","103.23","","-0.79%"
"2022-5-18","103.81","103.34","103.93","103.19","","0.44%"
"2022-5-19","102.72","103.83","103.88","102.66","","-1.05%"
"2022-5-20","103.15","102.90","103.26","102.77","","0.41%"
"2022-5-23","102.08","103.03","103.05","102.04","","-1.04%"
"2022-5-24","101.86","102.11","102.32","101.65","","-0.21%"
"2022-5-25","102.06","101.77","102.45","101.73","","0.20%"
"2022-5-26","101.83","102.02","102.27","101.74","","-0.22%"
"2022-5-27","101.67","101.72","101.94","101.43","","-0.16%"
"2022-5-30","101.67","101.64","101.72","101.30","","0.00%"
"2022-5-31","101.75","101.43","102.17","101.41","","0.08%"
"2022-6-1","102.50","101.76","102.73","101.74","","0.73%"
"2022-6-2","101.82","102.55","102.62","101.74","","-0.66%"
"2022-6-3","102.14","101.75","102.22","101.64","","0.31%"
"2022-6-6","102.44","102.17","102.47","101.85","","0.29%"
"2022-6-7","102.32","102.49","102.84","102.26","","-0.12%"
"2022-6-8","102.54","102.39","102.78","102.27","","0.22%"
"2022-6-9","103.22","102.56","103.37","102.15","","0.66%"
"2022-6-10","104.15","103.34","104.23","103.05","","0.90%"
"2022-6-13","105.08","104.19","105.29","104.21","","0.89%"
"2022-6-14","105.52","105.19","105.65","104.62","","0.42%"
"2022-6-15","105.16","105.35","105.79","104.66","","-0.34%"
"2022-6-16","103.63","104.90","105.49","103.42","","-1.45%"
"2022-6-17","104.70","103.88","105.08","103.83","","1.03%"
"2022-6-20","104.70","104.65","104.82","104.23","","0.00%"
"2022-6-21","104.43","104.44","104.54","103.94","","-0.25%"
"2022-6-22","104.20","104.43","104.95","103.86","","-0.23%"
"2022-6-23","104.43","104.21","104.77","104.06","","0.22%"
"2022-6-24","104.18","104.38","104.51","103.95","","-0.24%"
"2022-6-27","103.94","104.12","104.21","103.67","","-0.24%"
"2022-6-28","104.51","103.97","104.61","103.77","","0.55%"
"2022-6-29","105.11","104.46","105.15","104.36","","0.57%"
"2022-6-30","104.68","105.06","105.54","104.64","","-0.40%"
"2022-7-1","105.14","104.78","105.64","104.74","","0.43%"
"2022-7-4","105.14","105.12","105.25","104.82","","0.00%"
"2022-7-5","106.54","105.14","106.79","105.05","","1.33%"
"2022-7-6","107.10","106.49","107.26","106.36","","0.53%"
"2022-7-7","107.13","107.07","107.24","106.71","","0.03%"
"2022-7-8","107.01","107.04","107.79","106.81","","-0.11%"
"2022-7-11","108.02","106.89","108.27","106.92","","0.95%"
"2022-7-12","108.07","108.18","108.56","107.84","","0.05%"
"2022-7-13","107.96","108.18","108.58","107.48","","-0.11%"
"2022-7-14","108.54","108.14","109.29","108.14","","0.54%"
"2022-7-15","108.06","108.67","108.71","107.91","","-0.44%"
"2022-7-18","107.37","107.98","108.04","106.89","","-0.64%"
"2022-7-19","106.68","107.49","107.63","106.40","","-0.64%"
"2022-7-20","107.08","106.67","107.25","106.39","","0.37%"
"2022-7-21","106.91","107.08","107.32","106.42","","-0.16%"
"2022-7-22","106.73","106.59","107.36","106.11","","-0.17%"
"2022-7-25","106.48","106.54","106.88","106.19","","-0.23%"
"2022-7-26","107.19","106.45","107.28","106.20","","0.66%"
"2022-7-27","106.45","107.13","107.43","106.26","","-0.69%"
"2022-7-28","106.35","106.37","106.97","106.06","","-0.09%"
"2022-7-29","105.90","106.21","106.66","105.54","","-0.42%"
"2022-8-1","105.45","105.83","106.03","105.24","","-0.43%"
"2022-8-2","106.24","105.36","106.35","105.05","","0.75%"
"2022-8-3","106.51","106.43","106.82","105.97","","0.25%"
"2022-8-4","105.69","106.48","106.51","105.67","","-0.76%"
"2022-8-5","106.62","105.72","106.93","105.69","","0.88%"
"2022-8-8","106.43","106.58","106.80","106.09","","-0.17%"
"2022-8-9","106.37","106.33","106.41","105.97","","-0.06%"
"2022-8-10","105.20","106.34","106.40","104.64","","-1.11%"
"2022-8-11","105.09","105.21","105.46","104.65","","-0.10%"
"2022-8-12","105.63","105.16","105.88","105.09","","0.51%"
"2022-8-15","106.55","105.67","106.55","105.55","","0.87%"
"2022-8-16","106.50","106.48","106.94","106.32","","-0.04%"
"2022-8-17","106.57","106.45","106.89","106.31","","0.07%"
"2022-8-18","107.48","106.68","107.56","106.50","","0.85%"
"2022-8-19","108.17","107.50","108.21","107.47","","0.64%"
"2022-8-22","109.05","108.10","109.10","108.08","","0.81%"
"2022-8-23","108.62","109.00","109.27","108.08","","-0.39%"
"2022-8-24","108.68","108.52","109.11","108.36","","0.05%"
"2022-8-25","108.47","108.63","108.69","107.99","","-0.19%"
"2022-8-26","108.80","108.47","108.87","107.59","","0.31%"
"2022-8-29","108.83","108.84","109.48","108.49","","0.03%"
"2022-8-30","108.77","108.70","109.11","108.29","","-0.06%"
"2022-8-31","108.70","108.75","109.20","108.38","","-0.07%"
"2022-9-1","109.69","108.84","109.98","108.77","","0.91%"
"2022-9-2","109.53","109.64","109.72","108.93","","-0.14%"
"2022-9-5","109.83","109.61","110.27","109.72","","0.27%"
"2022-9-6","110.21","109.60","110.55","109.38","","0.35%"
"2022-9-7","109.84","110.32","110.79","109.53","","-0.34%"
"2022-9-8","109.71","109.67","110.24","109.33","","-0.12%"
"2022-9-9","109.00","109.57","109.54","108.36","","-0.64%"
"2022-9-12","108.33","108.60","108.86","107.81","","-0.62%"
"2022-9-13","109.82","108.23","110.01","107.68","","1.37%"
"2022-9-14","109.66","109.97","109.93","109.28","","-0.14%"
"2022-9-15","109.74","109.61","109.92","109.42","","0.07%"
"2022-9-16","109.76","109.80","110.26","109.47","","0.02%"
"2022-9-19","109.74","109.64","110.18","109.49","","-0.02%"
"2022-9-20","110.21","109.58","110.29","109.36","","0.44%"
"2022-9-21","110.64","110.16","111.58","110.13","","0.39%"
"2022-9-22","111.35","111.48","111.81","110.46","","0.64%"
"2022-9-23","113.19","111.24","113.23","111.08","","1.65%"
"2022-9-26","114.10","113.02","114.53","112.94","","0.80%"
"2022-9-27","114.11","114.02","114.47","113.33","","0.00%"
"2022-9-28","112.60","114.18","114.78","112.56","","-1.32%"
"2022-9-29","112.25","113.01","113.79","111.77","","-0.31%"
"2022-9-30","112.12","111.75","112.67","111.58","","-0.12%"
"2022-10-3","111.75","112.17","112.54","111.47","","-0.33%"
"2022-10-4","110.07","111.59","111.89","110.06","","-1.50%"
"2022-10-5","111.07","110.22","111.74","110.09","","0.92%"
"2022-10-6","112.26","111.02","112.31","110.78","","1.07%"
"2022-10-7","112.79","112.25","112.88","111.95","","0.48%"
"2022-10-10","113.14","112.75","113.33","112.62","","0.31%"
"2022-10-11","113.22","113.08","113.50","112.41","","0.07%"
"2022-10-12","113.32","113.31","113.59","113.05","","0.09%"
"2022-10-13","112.36","113.24","113.92","112.15","","-0.84%"
"2022-10-14","113.31","112.47","113.42","112.16","","0.84%"
"2022-10-17","112.04","113.22","113.22","111.92","","-1.12%"
"2022-10-18","112.13","112.07","112.46","111.77","","0.08%"
"2022-10-19","112.98","111.91","113.10","111.92","","0.76%"
"2022-10-20","112.88","112.99","113.09","112.17","","-0.09%"
"2022-10-21","112.01","112.94","113.94","111.70","","-0.77%"
"2022-10-24","111.99","111.88","112.53","111.47","","-0.02%"
"2022-10-25","110.95","111.82","112.13","110.76","","-0.93%"
"2022-10-26","109.70","110.96","111.14","109.63","","-1.13%"
"2022-10-27","110.59","109.62","110.62","109.54","","0.81%"
"2022-10-28","110.75","110.50","111.04","110.29","","0.15%"
"2022-10-31","111.53","110.67","111.67","110.72","","0.70%"
"2022-11-1","111.48","111.52","111.78","110.72","","-0.04%"
"2022-11-2","111.35","111.54","112.15","110.43","","-0.12%"
"2022-11-3","112.93","112.17","113.15","111.82","","1.42%"
"2022-11-4","110.88","112.97","112.99","110.71","","-1.82%"
"2022-11-7","110.12","110.79","111.27","110.05","","-0.68%"
"2022-11-8","109.64","110.06","110.61","109.37","","-0.44%"
"2022-11-9","110.55","109.65","110.64","109.45","","0.83%"
"2022-11-10","108.21","110.30","110.99","107.71","","-2.12%"
"2022-11-11","106.29","108.24","108.44","106.28","","-1.77%"
"2022-11-14","106.66","106.42","107.27","106.48","","0.35%"
"2022-11-15","106.40","107.00","107.10","105.34","","-0.24%"
"2022-11-16","106.28","106.58","106.78","105.86","","-0.12%"
"2022-11-17","106.69","106.27","107.24","106.10","","0.39%"
"2022-11-18","106.93","106.69","107.04","106.34","","0.22%"
"2022-11-21","107.83","106.97","107.99","106.89","","0.85%"
"2022-11-22","107.22","107.70","107.75","107.12","","-0.57%"
"2022-11-23","106.08","107.08","107.22","106.03","","-1.07%"
"2022-11-24","105.82","105.99","106.08","105.63","","-0.24%"
"2022-11-25","105.96","105.96","106.42","105.69","","0.13%"
"2022-11-28","106.68","106.06","106.75","105.32","","0.68%"
"2022-11-29","106.82","106.57","106.88","106.06","","0.13%"
"2022-11-30","105.95","106.72","107.19","105.78","","-0.82%"
"2022-12-1","104.73","105.70","105.90","104.66","","-1.15%"
"2022-12-2","104.54","104.82","105.58","104.38","","-0.17%"
"2022-12-5","105.29","104.51","105.40","104.11","","0.71%"
"2022-12-6","105.58","105.16","105.63","104.89","","0.27%"
"2022-12-7","105.10","105.63","105.82","104.88","","-0.45%"
"2022-12-8","104.77","105.20","105.43","104.72","","-0.31%"
"2022-12-9","104.81","104.86","105.14","104.48","","0.03%"
"2022-12-12","105.13","104.93","105.25","104.67","","0.31%"
"2022-12-13","103.98","104.99","105.10","103.59","","-1.09%"
"2022-12-14","103.77","104.07","104.16","103.45","","-0.20%"
"2022-12-15","104.56","103.67","104.88","103.54","","0.76%"
"2022-12-16","104.70","104.45","104.84","104.21","","0.14%"
"2022-12-19","104.72","104.84","104.93","104.13","","0.02%"
"2022-12-20","103.96","104.73","104.79","103.78","","-0.72%"
"2022-12-21","104.16","103.95","104.38","103.85","","0.19%"
"2022-12-22","104.43","104.22","104.60","103.75","","0.26%"
"2022-12-23","104.31","104.39","104.54","104.12","","-0.11%"
"2022-12-27","104.18","104.12","104.40","103.89","","-0.13%"
"2022-12-28","104.46","104.33","104.56","103.85","","0.27%"
"2022-12-29","103.84","104.37","104.45","103.78","","-0.60%"
"2022-12-30","103.52","103.95","104.10","103.39","","-0.30%"
"2023-1-3","104.52","103.66","104.86","103.47","","0.96%"
"2023-1-4","104.25","104.58","104.60","103.83","","-0.26%"
"2023-1-5","105.04","104.07","105.27","103.99","","0.76%"
"2023-1-6","103.88","105.05","105.63","103.87","","-1.11%"
"2023-1-9","103.00","103.91","103.93","102.94","","-0.85%"
"2023-1-10","103.24","103.29","103.49","103.03","","0.23%"
"2023-1-11","103.19","103.22","103.48","103.11","","-0.05%"
"2023-1-12","102.25","103.06","103.29","102.08","","-0.91%"
"2023-1-13","102.20","102.21","102.65","101.99","","-0.04%"
"2023-1-16","102.27","102.18","102.56","101.77","","0.06%"
"2023-1-17","102.39","102.32","102.56","101.94","","0.12%"
"2023-1-18","102.36","102.46","102.90","101.53","","-0.03%"
"2023-1-19","102.06","102.38","102.48","101.99","","-0.30%"
"2023-1-20","102.01","102.07","102.55","101.94","","-0.05%"
"2023-1-23","102.14","101.99","102.28","101.59","","0.12%"
"2023-1-24","101.92","101.99","102.43","101.72","","-0.22%"
"2023-1-25","101.64","102.00","102.12","101.58","","-0.27%"
"2023-1-26","101.84","101.58","102.18","101.50","","0.19%"
"2023-1-27","101.93","101.71","102.19","101.68","","0.09%"
"2023-1-30","102.28","101.92","102.31","101.66","","0.34%"
"2023-1-31","102.10","102.19","102.61","102.01","","-0.18%"
"2023-2-1","101.22","102.10","102.18","101.04","","-0.86%"
"2023-2-2","101.75","100.85","101.91","100.82","","0.53%"
"2023-2-3","102.92","101.83","103.01","101.55","","1.14%"
"2023-2-6","103.62","103.10","103.76","103.01","","0.69%"
"2023-2-7","103.43","103.54","103.96","103.00","","-0.19%"
"2023-2-8","103.41","103.27","103.52","103.00","","-0.02%"
"2023-2-9","103.22","103.43","103.55","102.64","","-0.18%"
"2023-2-10","103.63","103.25","103.68","102.90","","0.40%"
"2023-2-13","103.35","103.58","103.84","103.24","","-0.28%"
"2023-2-14","103.23","103.22","103.52","102.59","","-0.11%"
"2023-2-15","103.92","103.21","104.11","103.16","","0.67%"
"2023-2-16","103.86","103.88","104.23","103.53","","-0.06%"
"2023-2-17","103.86","104.20","104.67","103.84","","0.01%"
"2023-2-20","103.86","103.88","104.09","103.76","","0.00%"
"2023-2-21","104.18","103.91","104.26","103.77","","0.31%"
"2023-2-22","104.58","104.13","104.60","104.01","","0.39%"
"2023-2-23","104.60","104.50","104.78","104.31","","0.01%"
"2023-2-24","105.21","104.56","105.32","104.42","","0.59%"
"2023-2-27","104.67","105.26","105.36","104.55","","-0.51%"
"2023-2-28","104.87","104.63","105.00","104.42","","0.19%"
"2023-3-1","104.48","105.04","105.09","104.09","","-0.37%"
"2023-3-2","105.03","104.39","105.18","104.39","","0.52%"
"2023-3-3","104.52","104.94","105.00","104.49","","-0.48%"
"2023-3-6","104.35","104.53","104.69","104.16","","-0.16%"
"2023-3-7","105.61","104.30","105.65","104.12","","1.21%"
"2023-3-8","105.66","105.67","105.88","105.36","","0.04%"
"2023-3-9","105.31","105.62","105.73","105.15","","-0.33%"
"2023-3-10","104.58","105.13","105.35","104.04","","-0.70%"
"2023-3-13","103.60","104.64","104.64","103.48","","-0.94%"
"2023-3-14","103.60","103.67","104.05","103.50","","0.00%"
"2023-3-15","104.65","103.74","105.10","103.44","","1.01%"
"2023-3-16","104.42","104.62","104.74","104.20","","-0.22%"
"2023-3-17","103.71","104.41","104.44","103.69","","-0.68%"
"2023-3-20","103.28","103.86","103.96","103.28","","-0.41%"
"2023-3-21","103.26","103.31","103.51","103.00","","-0.02%"
"2023-3-22","102.35","103.19","103.26","102.07","","-0.88%"
"2023-3-23","102.53","102.50","102.64","101.92","","0.18%"
"2023-3-24","103.12","102.60","103.36","102.50","","0.57%"
"2023-3-27","102.86","103.11","103.23","102.83","","-0.25%"
"2023-3-28","102.43","102.75","102.76","102.38","","-0.42%"
"2023-3-29","102.64","102.49","102.79","102.37","","0.21%"
"2023-3-30","102.14","102.62","102.78","102.07","","-0.48%"
"2023-3-31","102.51","102.20","102.63","102.05","","0.35%"
"2023-4-3","102.09","102.59","103.06","101.98","","-0.40%"
"2023-4-4","101.59","102.01","102.28","101.46","","-0.50%"
"2023-4-5","101.85","101.52","101.99","101.42","","0.26%"
"2023-4-6","101.82","101.83","102.14","101.75","","-0.03%"
"2023-4-7","102.09","101.94","102.30","101.88","","0.27%"
"2023-4-10","102.58","102.10","102.81","101.99","","0.48%"
"2023-4-11","102.20","102.52","102.51","102.01","","-0.36%"
"2023-4-12","101.50","102.13","102.16","101.45","","-0.69%"